demo,T,success,ted,ted_norm,sal,sal_norm,jerk,path_len,path_len_norm
demo_0,118,1.0,0.08098850685565644,0.0006922094603047558,30.790275332159162,0.2631647464287108,9.988602117253945,0.9378979758246587,0.008016222015595374
demo_1,118,1.0,0.06193000195301828,0.0005293162560087032,35.31479424205796,0.3018358482227176,8.60161556824517,0.9882447149336888,0.008446536025074263
demo_10,126,1.0,0.032599818071955736,0.0002607985445756459,34.5193618158083,0.2761548945264664,12.231734719969827,1.2708788242901379,0.010167030594321103
demo_100,156,1.0,0.0392621927664043,0.0002533044694606729,59.73778485304029,0.38540506356800186,9.67352840101573,1.1360039108298978,0.007329057489225147
demo_101,146,1.0,0.08946094274337918,0.0006169720189198564,53.54225081614039,0.3692569021802785,10.707014788127507,1.0720428659213759,0.007393399075319834
demo_102,128,1.0,0.07673585176127973,0.000604219305206927,44.16047393259769,0.34772026718580856,12.03443828805387,0.9524342189845167,0.007499482039248164
demo_103,165,1.0,0.050696214494578215,0.0003091232591132818,47.4981771170337,0.28962303120142496,11.927587615416826,1.293152460880403,0.007885075980978068
demo_104,144,1.0,0.08856621022707523,0.0006193441274620645,62.372165656256975,0.43616899060319564,10.42894313764844,0.9528372849201623,0.006663197796644492
demo_105,172,1.0,0.08174743194745854,0.00047805515758747683,54.41648053142179,0.31822503234749583,7.452434329629744,1.3620115800397254,0.007964980000232312
demo_106,127,1.0,0.04639610736562101,0.00036822307433032547,40.634590527905914,0.3224967502214755,13.884159921195392,1.0668810046668937,0.008467309560848364
demo_107,204,1.0,0.04199867327069205,0.0002068900161117835,68.62271935092879,0.3380429524676295,9.474242272449755,1.4850763778056815,0.007315647181308776
demo_108,155,1.0,0.055369648094178714,0.0003595431694427189,43.73479062646663,0.283992146925108,11.445002284703511,1.23829411334243,0.008040870865859934
demo_109,119,1.0,0.11446468261460273,0.0009700396831745994,46.976919862028026,0.3981094903561697,18.14663229166464,0.9510115164545336,0.008059419630970625
demo_11,140,1.0,0.045415217472038034,0.0003267281832520722,36.85911042750533,0.265173456312988,9.044675835086068,1.3494260506173859,0.009708101083578315
demo_110,144,1.0,0.11679407254292601,0.0008167417660344476,48.10668865947965,0.3364104102061514,17.45041871769864,1.2721038788885546,0.008895831320898983
demo_111,152,1.0,0.13057982306398094,0.0008647670401588142,63.67126626009468,0.42166401496751443,15.178720788600913,1.3446079032042606,0.008904688100690467
demo_112,127,1.0,0.04843601045674672,0.00038441278140275174,45.775823702560125,0.36330018811555653,14.822035629473007,1.030779088622884,0.008180786417641937
demo_113,153,1.0,0.15633892479562597,0.0010285455578659603,57.00426539032284,0.3750280617784398,19.229494515106257,1.4317628892467744,0.00941949269241299
demo_114,155,1.0,0.019638082602598524,0.0001275200168999904,56.4851917467351,0.36678695939438377,9.221403472043296,1.3800719484585184,0.008961506158821549
demo_115,152,1.0,0.1450386639843132,0.000960520953538498,48.963156834776754,0.324259316786601,13.089554667176786,1.2444135473043956,0.00824114931989666
demo_116,139,1.0,0.0614082413993063,0.0004449872565167123,48.49311238779657,0.35139936512896064,8.233138348350735,1.0591328673318403,0.007674875850230727
demo_117,152,1.0,0.05004627682438595,0.00033143229685023807,46.30977833010483,0.3066872737093035,9.274684348002852,1.2267311420520866,0.00812404729835819
demo_118,182,1.0,0.05239833483928784,0.0002894935626479991,57.825112068323534,0.31947575728355543,8.051790401251308,1.137634330736987,0.006285272545508215
demo_119,185,1.0,0.05889037100816278,0.0003200563641747977,43.55561169016023,0.23671528092478383,9.444548106043975,1.544788626434215,0.008395590361055517
demo_12,113,1.0,0.021850738941806003,0.00019509588340898217,37.95480941268617,0.3388822268989836,17.988271224826114,1.164607494784034,0.010398281203428875
demo_120,178,1.0,0.07725419988190498,0.0004364644061124575,47.592294147975004,0.2688830177851695,9.439598404639444,1.5386457307185815,0.008692913732873342
demo_121,125,1.0,0.11015583838527349,0.0008883535353651087,26.33223794086261,0.21235675758760167,10.14312964644367,1.0179185414176808,0.008209020495303877
demo_122,145,1.0,0.024238195939336946,0.00016832080513428434,41.41803881619253,0.28762526955689255,10.0027871718936,1.116879981869383,0.0077561109852040495
demo_123,176,1.0,0.05614448253485592,0.000320825614484891,66.98670676976718,0.38278118154152674,9.126200125787346,1.6020156939676995,0.00915437539410114
demo_124,141,1.0,0.0067921811844397365,4.851557988885526e-05,44.730765522024875,0.3195054680144634,14.163312295245406,1.1363527890431082,0.008116805636022201
demo_125,142,1.0,0.13973838431679858,0.0009910523710411248,59.267267484720875,0.42033523038809134,12.09488963945581,1.369057333869835,0.009709626481346349
demo_126,186,1.0,0.03315895236870936,0.00017923758037140196,57.29440888970104,0.3096995075118975,15.38813276800591,1.381510982069893,0.00746762693010753
demo_127,121,1.0,0.01846970759250568,0.00015391422993754733,28.6241131592196,0.23853427632683,13.991934304678333,1.175497820842894,0.009795815173690782
demo_128,130,1.0,0.012046093890096084,9.338057279144251e-05,43.813100538905715,0.3396364382860908,9.297230807501881,1.0050792017866965,0.007791311641757337
demo_129,133,1.0,0.09892459282761712,0.000749428733542554,36.457602613437885,0.2761939591927112,13.015868954155708,1.18399708736046,0.00896967490424591
demo_13,105,1.0,0.03833343332345623,0.00036859070503323293,28.798656529485996,0.27691015893736537,9.869355894432722,1.0289680564031816,0.009893923619261362
demo_130,156,1.0,0.04128156790938651,0.0002663326961895904,33.726680144904286,0.2175914848058341,9.558222333542293,1.4111131121236107,0.00910395556208781
demo_131,167,1.0,0.08532771010287384,0.0005140223500173123,56.227010368737794,0.3387169299321554,13.917615809498907,1.561026925569412,0.0094037766600567
demo_132,127,1.0,0.05811595920092056,0.00046123777143587745,39.31103634285588,0.3119923519274276,8.782934550972534,1.2027784148040648,0.009545860434952895
demo_133,148,1.0,0.018571049588198777,0.00012633367066801888,49.32403171116498,0.33553763068819714,8.314850834481945,1.3261967435853048,0.009021746555002074
demo_134,121,1.0,0.012926295325274503,0.00010771912771062085,41.29489589660568,0.34412413247171403,24.734877641075048,1.1519878654483473,0.009599898878736227
demo_135,150,1.0,0.13244060534289373,0.0008888631231066693,56.515103094962015,0.37929599392591956,14.153083758018907,1.3684397727532287,0.009184159548679387
demo_136,110,1.0,0.012831318207762813,0.00011771851566754874,36.2946572431118,0.33297850681753943,13.134103803013234,1.012030555778826,0.009284683997970881
demo_137,130,1.0,0.09101898865116885,0.0007055735554354174,48.784824952122364,0.37817693761335164,10.476425878970302,1.1363074708821719,0.00880858504559823
demo_138,134,1.0,0.06585735625614399,0.0004951680921514586,27.740488616923393,0.20857510238288265,8.440667106640985,1.2579191458741534,0.009458038690783108
demo_139,111,1.0,0.09533353735638463,0.0008666685214216784,39.56896659076236,0.3597178780978396,6.885170570303848,0.9514491843868357,0.008649538039880325
demo_14,126,1.0,0.06626128072090949,0.0005300902457672759,34.84466878595651,0.2787573502876521,11.629273480426574,1.2431981827385077,0.009945585461908062
demo_140,119,1.0,0.0820845905526507,0.0006956321233275483,38.885752509169535,0.3295402755014367,9.671868232187887,0.9477558329824253,0.0080318290930714
demo_141,146,1.0,0.10523355318913725,0.0007257486426837052,47.545920495235485,0.3279028999671413,9.428061471747464,1.3668955025651792,0.00942686553493227
demo_142,193,1.0,0.05326948763130332,0.0002774452480797048,74.7979754346556,0.38957278872216455,8.014810493043694,1.308391733959338,0.006814540281038219
demo_143,128,1.0,0.09799734752984246,0.000771632657715295,49.79863765671462,0.3921152571394852,12.263929780254069,1.2008709052532183,0.00945567641931668
demo_144,135,1.0,0.1309435750481644,0.000977190858568391,44.9177210273838,0.33520687333868504,12.11435363526219,1.2922651489579504,0.009643769768342914
demo_145,140,1.0,0.12723729700525505,0.0009153762374478781,35.04941290026093,0.252154049642165,7.22678372075558,1.3652310819147149,0.00982180634471018
demo_146,153,1.0,0.1035188244842635,0.0006810448979227862,41.30001394284144,0.27171061804500946,8.8332718658015,1.4136332603904673,0.009300218818358338
demo_147,140,1.0,0.06599885097796948,0.0004748118775393488,49.64887510992254,0.35718615186994634,9.395241758102268,1.0509661178516487,0.007560907322673732
demo_148,128,1.0,0.12458978711485355,0.0009810219457862485,51.39491642572183,0.4046843813048963,9.036826160745985,0.868239976302478,0.006836535246476204
demo_149,184,1.0,0.021371810790253104,0.00011678585131285849,67.18071218951386,0.36710771688258936,13.73825249702535,1.2323381587159283,0.006734088298994144
demo_15,146,1.0,0.051238487652569734,0.0003533688803625499,48.72146059712359,0.33601007308361097,10.744401856199275,1.4751975281594343,0.01017377605627196
demo_150,236,1.0,0.06861984737436562,0.0002919993505292154,50.52123188103322,0.2149839654512052,5.820468423663952,1.6010738046017177,0.006813080019581777
demo_151,174,1.0,0.11279689865024274,0.0006520051945100736,47.21801918961049,0.27293652710757504,6.383640982140674,1.38476062310824,0.00800439666536555
demo_152,186,1.0,0.046074449171780836,0.0002490510766042207,67.45072489647377,0.36459851295391227,6.356663913086877,1.4130762749723913,0.007638250134985899
demo_153,143,1.0,0.1416990280638817,0.0009978804793231105,45.10610252318723,0.3176486093182199,5.545215040952536,0.9663721242486794,0.006805437494709009
demo_154,136,1.0,0.1057702641095411,0.0007834834378484526,48.96147621030879,0.3626776015578429,4.084611878060589,0.9333167469525965,0.006913457384834048
demo_155,133,1.0,0.05101477729493171,0.00038647558556766445,50.059471869697056,0.37923842325528073,7.0466039351184575,0.9567885729186256,0.007248398279686557
demo_156,163,1.0,0.0452999888151796,0.00027962956058752837,56.94020598247391,0.351482752978234,4.765565203775589,0.8508848733101158,0.005252375761173554
demo_157,135,1.0,0.08914036714145443,0.0006652266204586151,57.92943905525071,0.4323092466809755,6.317490990653777,0.9834355808189101,0.007339071498648583
demo_158,169,1.0,0.05864163434293162,0.00034905734727935485,53.38493530342459,0.317767472044194,5.5630719331176826,1.3415916788342592,0.00798566475496583
demo_159,151,1.0,0.08359549055325809,0.0005573032703550539,60.00473382623069,0.40003155884153796,6.261271272358402,1.123771689645841,0.007491811264305606
demo_16,129,1.0,0.01849313781938643,0.00014447763921395648,26.980615869180063,0.21078606147796924,12.71831016665596,1.346408331444922,0.010518815089413453
demo_160,172,1.0,0.06639618200177572,0.00038828176609225564,46.58559662540581,0.27243038962225624,4.9318024118679,1.2032645948906395,0.007036635057839997
demo_161,158,1.0,0.06802796900329351,0.00043329916562607335,56.70986860631478,0.3612093541803489,7.744741693899314,1.2484944420465665,0.007952193898385774
demo_162,235,1.0,0.08917997389415612,0.00038111099954767574,69.63461267884678,0.2975838148668666,5.362273290453054,1.5139366463786832,0.006469814728114031
demo_163,175,1.0,0.14855383615474382,0.0008537576790502518,58.575174361233096,0.33663893311053505,5.263109355518705,0.9510870910518456,0.00546601776466578
demo_164,163,1.0,0.06777564434941527,0.00041836817499639055,67.0734154871557,0.4140334289330599,6.057320350157963,1.3692342416157441,0.008452063219850273
demo_165,169,1.0,0.09112613158241799,0.0005424174498953452,62.66766093151018,0.37302179125898915,7.667312104277635,1.0913917834821203,0.00649637966358405
demo_166,181,1.0,0.057998455502370455,0.00032221364167983585,56.466303433323574,0.3137016857406865,4.733241177866083,1.1994494550484576,0.006663608083602542
demo_167,165,1.0,0.0534764618284505,0.0003260759867588445,55.017627644268416,0.3354733392943196,6.537755099094276,1.1625327410743342,0.007088614274843501
demo_168,189,1.0,0.07975459016616777,0.00042422654343706264,59.01111986083116,0.31388893542995294,6.569019021063104,1.3833646802961876,0.007358322767532913
demo_169,158,1.0,0.10934197722910734,0.0006964457148350786,47.745419181213556,0.30411095019881246,5.383252580856638,1.0984417328806948,0.006996444158475763
demo_17,131,1.0,0.10149571216588228,0.0007807362474298637,33.23618316332192,0.2556629474101686,10.538636603758253,1.1251778697346717,0.008655214382574397
demo_170,169,1.0,0.14758928824756457,0.0008785076681402653,59.17365847223408,0.3522241575728219,4.029049184175423,1.354107531499103,0.008060163877970851
demo_171,204,1.0,0.05093216473235144,0.0002508973632135539,76.359108301284,0.37615324286346796,7.580044336243039,1.3425798615600524,0.006613693899310603
demo_172,170,1.0,0.09224714024517827,0.0005458410665395164,65.95165626303421,0.39024648676351603,4.717887217655301,1.343174913552467,0.007947780553564893
demo_173,179,1.0,0.1935947587464581,0.0010876110041935848,76.51569036554736,0.42986342901992897,5.951155166814454,1.4229478602300742,0.007994089102416148
demo_174,172,1.0,0.04386397669491637,0.00025651448359600217,46.33902941444049,0.2709884761078391,5.554014976031419,1.145063740328061,0.006696279183205035
demo_175,169,1.0,0.04922501975674044,0.0002930060699805979,59.191957001317164,0.35233307738879266,3.8520444185923064,1.2860356935117279,0.007654974366141237
demo_176,150,1.0,0.10852872642615814,0.0007283807142695177,48.9096124315237,0.32825243242633356,5.332486881077798,0.8432049059130522,0.005659093328275518
demo_177,130,1.0,0.058610409558810604,0.00045434426014581865,48.72596453743466,0.3777206553289509,5.538530917902429,0.9207192088373615,0.007137358208041562
demo_178,191,1.0,0.05102824081617071,0.0002685696885061616,67.48140408972306,0.35516528468275294,5.88579123136108,1.1508279168581608,0.006056989036095583
demo_179,149,1.0,0.07690606744896161,0.0005196355908713622,42.61899298666893,0.2879661688288441,6.7052434120657365,0.9678023016363645,0.006539204740786246
demo_18,117,1.0,0.1421302010510825,0.0012252603538886423,51.84685634315603,0.4469556581306554,12.201147105708195,1.0305255531728732,0.008883840975628218
demo_180,132,1.0,0.10597536676305959,0.0008089722653668671,53.07809361163401,0.40517628711171,3.8672967474107787,0.8231329532104272,0.006283457658094864
demo_181,144,1.0,0.11257447618826182,0.0007872340992186141,56.15921568452823,0.3927217880036939,7.239345739841824,0.9421500689749313,0.006588462020803715
demo_182,161,1.0,0.03496555427093025,0.00021853471419331407,48.863748578260086,0.30539842861412553,4.91205208350265,0.8747215458155695,0.0054670096613473095
demo_183,207,1.0,0.05625281321579256,0.000273071908814527,67.50282491269205,0.32768361608102936,6.3571956805923335,1.3576000116172071,0.006590291318530132
demo_184,173,1.0,0.083235997979705,0.0004839302208122384,60.62375575238956,0.35246369623482304,5.31436457116983,1.310929868368382,0.007621685281211524
demo_185,161,1.0,0.05432910194020819,0.00033955688712630116,58.063448937687724,0.36289655586054825,5.73138894603537,1.290367858004016,0.008064799112525101
demo_186,134,1.0,0.05582031361865291,0.00041970160615528506,50.90917143422011,0.38277572506932417,5.5793439967189205,0.9499300155105803,0.007142330943688574
demo_187,150,1.0,0.055268834671413476,0.00037093177631821123,46.7311409850086,0.3136318186913329,6.003416817729078,1.1990566060870447,0.008047359772396272
demo_188,130,1.0,0.06995751278738939,0.0005423063006774372,35.0886356980457,0.2720049278918271,8.19141994073584,0.8499668820143655,0.006588890558250896
demo_189,132,1.0,0.0652495487804492,0.0004980881586293832,49.48411620879726,0.3777413451053226,6.36622809289662,0.9460877484324914,0.007222043881164057
demo_19,103,1.0,0.03951777298140872,0.00038742914687655606,29.158287367319215,0.2858655624246982,8.497585031342037,0.9792461903994734,0.00960045284705366
demo_190,143,1.0,0.1360440549900677,0.0009580567252821669,49.882135112583526,0.3512826416379122,4.426915186016748,0.8233483213583863,0.005798227615199904
demo_191,173,1.0,0.1258839440972492,0.0007318833959142396,54.48019360804449,0.31674531167467723,7.274408925967948,1.293702726394228,0.007521527479036209
demo_192,184,1.0,0.07701473433128292,0.00042084554279389575,66.03402214070583,0.36084165104210836,5.098855686195273,1.113264009033248,0.006083409885427584
demo_193,162,1.0,0.10352801415124471,0.000643031143796551,43.560462832260754,0.270561880945719,5.397645121368715,1.0497454089467368,0.00652015781954495
demo_194,168,1.0,0.13269890428022071,0.0007946042172468306,46.08648434200508,0.27596697210781485,10.192056143273959,0.9077042763566452,0.005435354948243385
demo_195,131,1.0,0.06023638808508319,0.0004633568314237169,35.3911336188242,0.27223948937557074,5.646184212228086,0.8973367121740973,0.006902590093646902
demo_196,194,1.0,0.04479317838448941,0.00023208900717352026,67.127809557483,0.34781248475379795,5.213067998190159,1.3656709155404259,0.007076015106427077
demo_197,177,1.0,0.0588135044655927,0.0003341676390090494,54.54906817517639,0.3099378873589567,19.28753462847177,1.0824428057383568,0.006150243214422482
demo_198,159,1.0,0.14020527454907836,0.0008873751553739136,51.73432464406987,0.32743243445613845,4.645045296763372,0.872517392528116,0.0055222619780260504
demo_199,133,1.0,0.12519119951275173,0.000948418178126907,34.121255058726845,0.2584943565055064,4.873260221400663,0.8497119339188619,0.006437211620597439
demo_2,113,1.0,0.08018004385941738,0.000715893248744798,21.599519956120936,0.1928528567510798,8.581914085228519,1.0064769343564184,0.008986401199610878
demo_20,107,1.0,0.003029931009898095,2.8584254810359386e-05,40.92493880560365,0.3860843283547514,10.611778007860748,0.8948812707105342,0.008442276138778624
demo_200,541,1.0,0.2856264964076118,0.0005289379563103921,161.79309723046495,0.29961684672308325,8.85494711353327,2.333732057996097,0.0043217260333261055
demo_201,531,1.0,0.23644171335318148,0.00044611644028902164,186.99144502295053,0.3528140472131142,8.961877817963948,2.7355909907732663,0.005161492435421257
demo_202,397,1.0,0.08142173296600876,0.0002056104367828504,123.00948152435635,0.3106300038493847,11.830121043613554,2.317593217813444,0.005852508125791526
demo_203,261,1.0,0.10762835188872533,0.0004139551995720205,75.51723120705378,0.2904508892578992,14.95684043038593,1.699508543743744,0.006536571322091323
demo_204,351,1.0,0.02043009556540325,5.837170161543786e-05,113.35927042399948,0.3238836297828556,10.633818598622426,2.239208024692103,0.006397737213406009
demo_205,224,1.0,0.13093319459806477,0.0005871443703949092,81.67470954089266,0.36625430287395816,8.317326004537858,1.4761123003870837,0.006619337669897236
demo_206,321,1.0,0.0648119759094128,0.00020253742471691501,136.35429434850158,0.42610716983906743,10.50974680416919,2.1493108158152787,0.006716596299422746
demo_207,183,1.0,0.12298525497724283,0.00067574315921562,54.28706772318792,0.29828059188564787,17.699513179845052,1.547916072334662,0.008505033364476165
demo_208,706,1.0,0.09595088287019503,0.0001361005430782908,230.81235365559462,0.3273934094405597,10.270222633194942,3.894592655835991,0.005524244901895023
demo_209,335,1.0,0.028391886421562033,8.500564796874861e-05,113.44182832679438,0.33964619259519274,13.380510433519232,2.8294368619387065,0.008471367850115888
demo_21,114,1.0,0.1491030161390551,0.0013194957180447354,38.67932040485643,0.34229487083943744,10.300004898555562,0.9935552963950866,0.008792524746859173
demo_210,287,1.0,0.061100382795248744,0.00021363770208128932,92.55489970902804,0.32361853045114697,9.693530054782647,1.5352752501270794,0.0053680952801646135
demo_211,356,1.0,0.08156835531516238,0.0002297700149722884,111.92181838932,0.3152727278572394,7.575525205164994,1.4675155812235021,0.004133846707671837
demo_212,172,1.0,0.1012394496935902,0.0005920435654595918,52.0904799698902,0.3046226898823988,9.562033206376562,1.3655962019147725,0.00798594270125598
demo_213,149,1.0,0.050845934848342975,0.0003435536138401552,35.75770409399549,0.24160610874321278,8.926629615607785,1.102693443429065,0.007450631374520709
demo_214,329,1.0,0.17296712213931675,0.000527338787010112,108.75141552287955,0.33155919366731573,9.942301570832829,1.8663836639554678,0.005690194097425207
demo_215,203,1.0,0.08803093943114051,0.00043579672985713123,61.282596021945515,0.303379188227453,10.756381727279063,1.5866099535029978,0.007854504720311871
demo_216,206,1.0,0.09755956035220799,0.0004759002944010146,75.0985055744232,0.36633417353377173,10.585238254476554,1.3900197508636007,0.00678058415055415
demo_217,614,1.0,0.09271125834123745,0.00015124185700038736,197.71177952326985,0.3225314510983195,8.194477998545652,3.171485348885496,0.005173711825261821
demo_218,166,1.0,0.04098151776143876,0.0002483728349178107,68.790821138886,0.4169140675084,8.58021873153706,1.0514349934483556,0.0063723332936263975
demo_219,282,1.0,0.00865335968913046,3.079487433854256e-05,94.54781934107599,0.3364691079753594,9.270979240644257,1.3180421774157323,0.004690541556639617
demo_22,136,1.0,0.020896197015114384,0.00015478664455640284,46.44642298914238,0.34404757769735095,9.922472942028161,1.3688239285452877,0.010139436507742872
demo_220,270,1.0,0.011368724096175457,4.226291485567084e-05,100.18173726556788,0.37242281511363523,8.610383686399388,1.5221368250730936,0.005658501208450162
demo_221,241,1.0,0.07958299507160044,0.00033159581279833516,91.97131098603373,0.38321379577514053,9.064977585846957,1.2276824490707658,0.005115343537794858
demo_222,197,1.0,0.0734116797140687,0.0003745493862962689,70.6261227787187,0.3603373611159117,7.675063251252112,1.315310716762359,0.00671076896307326
demo_223,199,1.0,0.019981510461732757,0.0001009167195037008,71.94626119826819,0.36336495554680903,7.080971612113892,1.1060770729956575,0.005586247843412412
demo_224,182,1.0,0.09927693410545718,0.0005484913486489347,57.528663003574245,0.317837917146819,9.489061310135957,1.4773806694439466,0.00816232414057429
demo_225,203,1.0,0.14523154901861898,0.0007189680644486088,62.64368241489272,0.31011723967768673,17.62021361729422,1.8555904925151627,0.009186091547104766
demo_226,286,1.0,0.04611558880050344,0.0001618090835105384,70.61532626259991,0.2477730746056137,12.160740846631665,2.445332644657964,0.008580114542659523
demo_227,150,1.0,0.04884136445959529,0.0003277943923462771,54.79653772006456,0.36776199812123866,14.181860198197052,0.9755481904101158,0.006547303291343059
demo_228,385,1.0,0.11352451000233199,0.00029563674479773954,135.9703880701281,0.3540895522659586,10.935189065568501,2.231402344838498,0.0058109436063502546
demo_229,488,1.0,0.18342071588235725,0.000376633913516134,171.34048733744757,0.3518285160933215,12.428375577861761,2.6736719440374794,0.005490086127387021
demo_23,126,1.0,0.05413750105537374,0.0004331000084429899,27.582023297829103,0.22065618638263282,10.049833849064283,1.245354411527545,0.00996283529222036
demo_230,123,1.0,0.07098273659003827,0.000581825709754412,39.848630244805406,0.3266281167607,8.876973702029197,0.9028387851042923,0.00740031791069092
demo_231,241,1.0,0.02999784317919853,0.00012499101324666055,65.72164903202955,0.2738402043001231,15.384579828349413,1.4686302795582393,0.006119292831492664
demo_232,187,1.0,0.20008960952277227,0.001075750588832109,65.58814706584927,0.35262444659058745,11.077131276701687,1.2271418012726552,0.006597536565982017
demo_233,190,1.0,0.10267959629249106,0.0005432782872618574,65.28130102735619,0.34540370913945073,10.978375954665854,1.4267056876336666,0.007548707341977072
demo_234,257,1.0,0.05833147947286671,0.00022785734169088558,95.36041288951384,0.37250161284966343,10.858319323193388,1.4181522976589258,0.005539657412730179
demo_235,184,1.0,0.15518520397986474,0.000848006579124944,62.36176758426425,0.3407746862528101,10.395155138725796,1.2869473023892852,0.007032498920160029
demo_236,225,1.0,0.057526375556060695,0.0002568141765895567,72.18340899213283,0.32224736157202155,8.299595854196532,1.2855752763243187,0.0057391753407335655
demo_237,181,1.0,0.08865489758796084,0.0004925272088220047,61.15172589047946,0.33973181050266366,9.363275381068783,1.5884981580069986,0.008824989766705548
demo_238,174,1.0,0.10485034306244832,0.0006060713471817823,59.14400361746961,0.34187285328017114,13.405386109241611,1.2684648364612032,0.007332166684746839
demo_239,154,1.0,0.06951594591349738,0.00045435258766991755,60.396870083111764,0.39475078485693965,9.727976407882558,1.0977959561101671,0.007175136968040308
demo_24,115,1.0,0.04911955015095782,0.0004308732469382265,24.989546110481086,0.21920654482878146,10.78782234231318,1.044343200843,0.009160905270552631
demo_240,183,1.0,0.09300302842186697,0.0005110056506695987,65.79725753969298,0.3615233930752361,10.385215489602333,1.0659795543790611,0.00585703051856627
demo_241,141,1.0,0.06330121575083461,0.00045215154107739006,54.061515469296744,0.38615368192354815,9.087924093931246,0.8935054943072274,0.006382182102194481
demo_242,232,1.0,0.12359241965921149,0.0005350321197368463,90.7424521382817,0.3928244681310896,13.0690292889876,1.3925643740694011,0.006028417203763642
demo_243,302,1.0,0.19148648884540787,0.0006361677370279331,99.33738458285224,0.33002453349784794,13.10438133469724,2.072118180286484,0.0068841135557690504
demo_244,445,1.0,0.049462109064408746,0.00011140114654146113,166.36461107053765,0.3746950699786884,9.760352676807466,2.522569539413183,0.005681462926606267
demo_245,532,1.0,0.022509693700428417,4.239113691229457e-05,189.21431995235582,0.35633581911931417,9.594631478151136,2.76717132143337,0.005211245426428192
demo_246,133,1.0,0.09725230380424928,0.0007367598773049187,60.01565739799297,0.45466407119691643,12.60217291839244,1.0271445407483482,0.007781398035972335
demo_247,207,1.0,0.1154995070097206,0.0005606772184937893,62.358445018718335,0.3027108981491181,11.919224411997215,1.351969776214914,0.006562960078713175
demo_248,597,1.0,0.17436898254765318,0.00029256540695914965,221.78800988533692,0.37212753336465926,10.198226338900714,2.6481656331077454,0.00444323092803313
demo_249,181,1.0,0.1288164440411331,0.0007156469113396283,55.46205166750503,0.3081225092639168,9.289406441539722,1.4427804306530416,0.008015446836961343
demo_25,102,1.0,0.010665074787592587,0.00010559479987715432,23.984868829624407,0.23747394880816244,8.436186322446087,0.9273385669690982,0.00918156996999107
demo_250,210,1.0,0.07979990761285985,0.00038181773977444906,63.457290425815316,0.30362339916658043,7.268061520037397,1.0851227235320644,0.0051919747537419346
demo_251,171,1.0,0.07884750076014942,0.0004638088280008789,54.077542558805504,0.3181031915223853,11.313079647323251,1.1396750575439252,0.006703970926728971
demo_252,184,1.0,0.005242642250499844,2.8648318308742314e-05,53.846861045768996,0.29424514232660653,4.648501868135709,1.0381445959147766,0.005672921289151785
demo_253,181,1.0,0.08098075765307743,0.00044989309807265236,61.793869439649846,0.3432992746647214,9.084948722673976,1.1207517921845243,0.006226398845469579
demo_254,172,1.0,0.125139020844943,0.0007318071394441111,51.85739886951013,0.30325964251175513,6.689534447342619,0.9528303944541237,0.005572107569907156
demo_255,218,1.0,0.11803264874460254,0.0005439292568875693,63.114862645378366,0.2908519015916054,8.305971028870472,1.1939355054029703,0.005502006937340877
demo_256,240,1.0,0.0317444594193474,0.00013282200593869205,70.55680505148203,0.2952167575375817,7.492480234872118,1.130746749038552,0.004731157945768
demo_257,230,1.0,0.06007947614848237,0.00026235579104140776,78.78652342902143,0.34404595383852155,6.928392455649295,0.9576861763701434,0.004182035704673116
demo_258,197,1.0,0.11538344305719139,0.0005886910360060786,70.83406526023761,0.36139829214406943,8.980578831309327,0.947223319557354,0.0048327720385579285
demo_259,233,1.0,0.11449028998913234,0.0004934926292635014,67.64289636056931,0.2915642084507298,6.368563501290314,1.482776061760203,0.006391276128276737
demo_26,139,1.0,0.02758170150256951,0.00019986740219253267,30.806901094617036,0.22323841372910896,9.563791106044599,1.472768083975407,0.010672232492575413
demo_260,230,1.0,0.008803488521882187,3.8443181318262824e-05,84.31451955412338,0.3681856749088357,8.041106305196099,1.2546415559274569,0.005478784087019462
demo_261,178,1.0,0.17334282864274186,0.000979338014930745,49.150826011325826,0.27768828254986344,5.857046018364579,0.8554132628942341,0.004832843293187764
demo_262,212,1.0,0.18644131942760292,0.0008836081489459853,76.30776570777024,0.3616481787098116,7.47392588349563,1.4989562132392478,0.0071040578826504636
demo_263,203,1.0,0.15404685314858677,0.0007626081839038948,64.31689035130194,0.31840044728367295,6.347766599477486,1.193942179016251,0.005910604846615104
demo_264,250,1.0,0.22878894891032783,0.0009188311201217985,85.30978434213297,0.34260957567121675,5.6723429537462975,1.4403545270610505,0.005784556333578516
demo_265,250,1.0,0.09872970928524591,0.00039650485656725267,84.12551231831601,0.33785346312576714,10.520629097402368,1.2219011422904855,0.00490723350317464
demo_266,284,1.0,0.06420810967356334,0.0002268837797652415,74.5717440948191,0.2635043960947671,11.527199680594295,1.4323467844669957,0.005061296058187264
demo_267,179,1.0,0.00524997242910275,2.949422712979073e-05,48.450427076793886,0.2721934105437859,10.281749659848535,1.13094319043344,0.006353613429401348
demo_268,162,1.0,0.08825896401695081,0.000548192323086651,60.63588559055659,0.37662040739476144,6.740565650334656,0.8065153784540637,0.005009412288534558
demo_269,233,1.0,0.10785544303954056,0.0004648941510325024,68.53059187065298,0.29539048220109043,8.32332704425076,1.3679316197721203,0.005896256981776381
demo_27,126,1.0,0.040874075355982434,0.0003269926028478595,29.833872143792437,0.2386709771503395,8.049232493766132,1.1458419903624988,0.00916673592289999
demo_270,210,1.0,0.11910149930059168,0.0005698636330171851,46.32972729896141,0.22167333635866704,5.666759630122566,1.0935401209264726,0.005232249382423314
demo_271,268,1.0,0.059255741362232786,0.00022193161558888683,70.06562704374791,0.26241807881553525,9.790423175232604,1.4837788272975359,0.005557224072275415
demo_272,192,1.0,0.07002562869367478,0.000366626328239135,69.23873487282206,0.36250646530273334,7.803158065541464,1.0459632728521782,0.005476247501843865
demo_273,398,1.0,0.01775968163596078,4.473471444826393e-05,133.06548615375655,0.3351775469867923,7.838156314248657,2.3932668470069984,0.006028379967272036
demo_274,196,1.0,0.07156097404289057,0.00036697935406610545,54.40344824192068,0.2789920422662599,9.019100464066128,0.9173546188609288,0.0047043826608252765
demo_275,193,1.0,0.06621349243274122,0.0003448619397538605,49.947769083143704,0.26014463064137344,9.805438058488553,1.0378198028926675,0.00540531147339931
demo_276,183,1.0,0.20178184405400462,0.0011086914508461792,58.86451007441272,0.32343137403523475,8.420005239160439,1.272977464142481,0.006994381671112533
demo_277,224,1.0,0.0844508835383249,0.00037870351362477534,83.92479388228422,0.37634436718513103,7.70868738779361,1.2629320499424437,0.005663372421266564
demo_278,206,1.0,0.027712098822513066,0.00013518096986591738,64.94861074415198,0.3168224914348877,16.509698089529774,1.2663472876395057,0.00617730384214393
demo_279,216,1.0,0.11250527769158103,0.0005232803613561908,70.54709514227524,0.32812602391755924,8.119111885103031,1.432379210033093,0.006662228883874851
demo_28,109,1.0,0.07402958976810829,0.0006854591645195212,34.27474627557972,0.3173587618109234,10.381371542055467,0.8919900723144046,0.008259167336244487
demo_280,259,1.0,0.029226635171678256,0.00011328153167317153,73.45667180740216,0.28471578219923316,6.163461765348827,1.2232953270091425,0.004741454755849389
demo_281,210,1.0,0.08108205372467575,0.0003879524101659127,71.22766975813603,0.3408022476465839,6.875138318643207,1.4573432408051414,0.006972934166531777
demo_282,238,1.0,0.09769781868861101,0.00041222708307430805,79.60772339949176,0.3358975670864631,10.531651709485404,1.4627680582957945,0.006172017123610947
demo_283,278,1.0,0.08151111730043066,0.0002942639613733959,67.33459464938474,0.2430851792396561,6.607782697429664,1.5579784034838493,0.005624470770699817
demo_284,270,1.0,0.03097272710413257,0.0001151402494577419,94.75672596100343,0.3522554868438789,7.268748974700879,1.790804648327467,0.006657266350659729
demo_285,176,1.0,0.13380117026868063,0.0007645781158210322,38.68725128054446,0.2210700073173969,4.794766551693605,0.8592125516137634,0.004909786009221506
demo_286,204,1.0,0.10856572010326512,0.0005348065029717494,61.557743441107,0.3032401154734335,6.9197628446291395,1.2239125956773667,0.006029126087080624
demo_287,160,1.0,0.10813619214634804,0.0006801018373984154,56.17325414510396,0.3532909065729809,7.09754331779398,1.0409174037706344,0.00654665033818009
demo_288,183,1.0,0.06938464388296302,0.00038123430704924735,54.48208834584708,0.29935213376839054,15.951269112734623,1.1020215260557686,0.006055063329976751
demo_289,165,1.0,0.020975105657193214,0.00012789698571459278,50.62546766891452,0.30869187602996656,8.082047326486354,0.9088714295986847,0.00554189896096759
demo_29,128,1.0,0.06653175654876459,0.0005238720988091699,44.20366575614103,0.34806036028457504,7.817707593081777,1.2605266245442952,0.009925406492474765
demo_290,166,1.0,0.05681301356452642,0.0003443212943304632,55.71698742106017,0.3376787116427889,8.614575009313672,1.0135078157750117,0.006142471610757647
demo_291,223,1.0,0.02005263774752215,9.032719706091059e-05,81.37747977197317,0.36656522419807736,6.068929947972309,1.4105039795034715,0.006353621529294916
demo_292,207,1.0,0.03623576328462615,0.0001759017635176027,54.01829753190185,0.26222474530049444,10.404769189470821,1.1323660810051315,0.0054969227233258805
demo_293,217,1.0,0.006507172457455646,3.0125798414146507e-05,84.37835071734375,0.39064051258029514,5.705784078909348,1.2369614386891814,0.005726673327264729
demo_294,152,1.0,0.10981280853243086,0.0007272371425988799,37.88179889984973,0.2508728403963558,11.973703279201013,0.9535739867241397,0.006315059514729402
demo_295,223,1.0,0.17772012065514864,0.0008005410840322011,71.44173198334728,0.32180960352859134,7.504267585814067,1.5371771164706352,0.006924221245363221
demo_296,231,1.0,0.0642034761672497,0.0002791455485532595,64.26972328708614,0.27943357950907016,7.138446249964985,1.3856882504355648,0.00602473152363289
demo_297,224,1.0,0.019481602745985226,8.736144729141356e-05,78.13580536485334,0.350384777420867,8.988407648053567,1.1924169835194314,0.0053471613610736836
demo_298,199,1.0,0.11282047034114283,0.0005698003552582971,45.9892254921818,0.23226881561707982,6.447681843610811,1.3043666525406117,0.006587710366366725
demo_299,211,1.0,0.16386364630747363,0.0007803030776546363,71.57521673516345,0.34083436540554024,9.777858713671296,1.193559300025711,0.005683615714408148
demo_3,115,1.0,0.04476080061195237,0.0003926386018592313,35.59128734743392,0.31220427497749054,8.391869740290172,1.0782475045589008,0.00945831144349913
demo_30,101,1.0,0.03356726685278466,0.0003356726685278466,37.23548311475535,0.37235483114755347,9.57522715180374,0.9362332736305413,0.009362332736305413
demo_31,123,1.0,0.05171529058823194,0.0004238958244937044,28.157539518591555,0.23079950425075046,9.994834236338155,1.1647328498012133,0.009546990572141093
demo_32,98,1.0,0.07430008265915637,0.0007659802335995503,30.019670928744496,0.3094811435953041,8.142243055147933,0.8103365109433558,0.008353984648900576
demo_33,132,1.0,0.09047042695664174,0.0006906139462339064,40.51849052007119,0.3093014543516885,8.826240420177324,1.1349306069400487,0.008663592419389684
demo_34,139,1.0,0.021798059548580804,0.00015795695325058554,40.00992021415805,0.2899269580736091,8.200145372881856,1.3635446425211075,0.00988075827913846
demo_35,136,1.0,0.020349776116967182,0.00015073908234790505,32.35985977211173,0.23970266497860543,8.591024323529824,1.3675876674114442,0.010130279017862549
demo_36,109,1.0,0.07159764764164346,0.000662941181867069,26.63282766741457,0.24660025617976455,7.5767448101235075,1.0213717401804872,0.009457145742411919
demo_37,143,1.0,0.039822802251598156,0.0002804422693774518,30.53052259131842,0.21500368022055225,9.019552704059668,1.309328987599696,0.009220626673237297
demo_38,136,1.0,0.04645407544720165,0.00034410426257186407,42.87331300657299,0.31758009634498513,8.612104952026586,1.1799038222303677,0.008740028312817538
demo_39,120,1.0,0.022514664122437987,0.0001891988581717478,35.51294073195104,0.29842807337773986,9.542678107813579,1.1502975592494837,0.00966636604411331
demo_4,142,1.0,0.05876665447042765,0.0004167847834782103,36.751266731078914,0.2606472817807015,17.512040485403123,1.4224471161792673,0.010088277419711116
demo_40,118,1.0,0.020575721643812963,0.00017586086875053816,24.04203203341545,0.20548745327705512,12.233677296924341,1.1390675179000866,0.009735619811111852
demo_41,137,1.0,0.04857786459404605,0.0003571901808385739,56.105953140943726,0.4125437730951744,7.616708319969875,1.324503711427408,0.009738997878142707
demo_42,126,1.0,0.05747146000168135,0.0004597716800134508,22.275715484299756,0.17820572387439804,8.03350638267808,1.2684913261167352,0.010147930608933882
demo_43,132,1.0,0.06545404641079812,0.0004996492092427337,33.47588348352299,0.25554109529406865,8.6291752664166,1.1094988393466756,0.00846945678890592
demo_44,119,1.0,0.05210389681074648,0.000441558447548699,32.269006754546815,0.2734661589368374,8.101927926973566,0.9609225157260571,0.008143411150220823
demo_45,107,1.0,0.018479466327957834,0.00017433458799960222,44.58854436465904,0.4206466449496136,16.800722772778297,0.9482823945013387,0.008946060325484327
demo_46,120,1.0,0.0062953911332523154,5.290244649791862e-05,35.14178455124663,0.2953091138760221,8.923715954624308,1.345720813137183,0.011308578261657
demo_47,99,1.0,0.05468229835211446,0.0005579826362460659,32.957774651877294,0.3363038229783397,8.091036446902274,0.8532005632770129,0.008706128196704212
demo_48,119,1.0,0.004395684973010568,3.725156756788617e-05,30.951925786067427,0.26230445581413075,9.109323463455349,0.8883491467371318,0.007528382599467219
demo_49,148,1.0,0.0895265273404356,0.0006090239955131673,52.74431373367612,0.3588048553311301,9.39145740761498,1.2753203829172095,0.008675648863382377
demo_5,115,1.0,0.004259784799252536,3.736653332677663e-05,26.30829177133967,0.23077448922227778,10.217866743210811,0.9879259489863793,0.008666017096371749
demo_50,310,1.0,0.03340799527955496,0.00010811648957784776,59.37780415045904,0.19216117848044997,3.609623430888232,1.3485035042270208,0.004364089010443433
demo_51,347,1.0,0.01947604041929565,5.628913415981402e-05,89.71351802863202,0.25928762436020814,3.63040018703473,1.3845865253236405,0.004001695159894915
demo_52,279,1.0,0.045854981340553345,0.0001649459760451559,93.01021553913984,0.3345691206443879,4.074744920305631,1.0726655787983836,0.0038585092762531787
demo_53,306,1.0,0.04308890067859431,0.0001412750841921125,88.857742240943,0.2913368598063705,3.5061329875892513,1.4266555993252363,0.004677559342049956
demo_54,261,1.0,0.038627187927210746,0.00014856610741234902,100.93133305476428,0.3881974348260165,4.172370338982095,1.3106550543656583,0.005040980978329455
demo_55,293,1.0,0.13004641659489072,0.00044536444039346135,97.25133763066415,0.3330525261324115,3.995185069822381,1.2396670909865657,0.004245435243104677
demo_56,313,1.0,0.07742983298269382,0.0002481725416111981,114.95721264170146,0.368452604620838,4.04348100420276,1.4965039956819215,0.004796487165647185
demo_57,305,1.0,0.017330225747085024,5.7007321536463895e-05,83.60779012672987,0.2750256254168746,3.9414722485313276,1.5118079765958297,0.004973052554591545
demo_58,262,1.0,0.10447122688555817,0.0004002728999446673,62.94503681913538,0.24116872344496315,4.384439990018696,1.2654027753758135,0.004848286495692772
demo_59,271,1.0,0.07563738168347287,0.0002801384506795291,77.58342745851645,0.287346027624135,4.6568297667616125,1.282686416244907,0.004750690430536692
demo_6,106,1.0,0.06317758561845876,0.0006016912916043692,32.044336483619645,0.30518415698685375,9.276433293948136,0.945861791743525,0.009008207540414525
demo_60,250,1.0,0.04592294976487794,0.00018442951712802387,87.65189258517132,0.352015632872174,3.0944937335914258,1.0744039421256837,0.004314875269581059
demo_61,370,1.0,0.09273402364126407,0.00025131171718499747,136.78001213422704,0.37067753965915184,3.464501426324567,1.702974958997217,0.004615108289965358
demo_62,524,1.0,0.02824972048652238,5.401476192451698e-05,170.64248947436585,0.32627627050547964,3.720224079095762,1.60397680143302,0.0030668772493939195
demo_63,241,1.0,0.04385300517700421,0.0001827208549041842,75.12182144905609,0.31300758937106704,3.896543009284661,1.1142472391623672,0.004642696829843197
demo_64,1050,1.0,0.06453522499694471,6.152071019727808e-05,364.05922926353924,0.34705360272978003,6.127742954456043,3.883960270139332,0.0037025360058525565
demo_65,243,1.0,0.018977795009172165,7.842064053376928e-05,85.8170368094053,0.3546158545843194,4.370370584367581,0.9973728428887221,0.004121375383837694
demo_66,248,1.0,0.04778256147090225,0.00019345166587409818,76.74812420652292,0.31072115063369604,4.605150364809174,1.0276820347512168,0.00416065601113853
demo_67,304,1.0,0.05566735375127972,0.0001837206394431674,75.73128260520883,0.24993822641983113,4.038572481288037,0.9488365850971225,0.003131473878208325
demo_68,253,1.0,0.05448093415498588,0.00021619418315470588,90.36872831219834,0.3586060647309458,4.836180640772383,1.183945826194616,0.004698197722994508
demo_69,914,1.0,0.14944705696108754,0.00016368790466712765,331.95150283896874,0.36358324516864043,4.723223544476686,3.444192006036987,0.0037723899299419356
demo_7,109,1.0,0.023767577959129503,0.00022007016628823614,48.084828599271056,0.44522989443769495,8.575630581228959,0.9827495879794845,0.009099533222032264
demo_70,303,1.0,0.0783720230920296,0.0002595100102385086,124.077398773668,0.4108523138200927,4.739544258488786,1.6822830714666859,0.00557047374657843
demo_71,605,1.0,0.04666041091867027,7.725233595806337e-05,207.59715187837742,0.3437038938383732,4.481676260018274,2.2469136784782355,0.003720055759069926
demo_72,337,1.0,0.0647582270694427,0.00019273281865905568,117.98060446070785,0.3511327513711543,5.316404661588971,1.4018554332669804,0.004172188789485061
demo_73,293,1.0,0.019503987853715418,6.67944789510802e-05,71.74054144815902,0.24568678578136652,4.178070442649985,1.053795518456845,0.0036088887618385104
demo_74,216,1.0,0.04558639721782021,0.00021202975450148933,74.14889170852943,0.3448785660861834,9.90883686330079,0.978334574137627,0.0045503933680819866
demo_75,256,1.0,0.05603089281642506,0.00021972899143696102,88.24731657455627,0.34606790813551475,18.32323409722156,1.3463430038949422,0.0052797764858625185
demo_76,327,1.0,0.09043462260155223,0.0002774068177961725,102.72993081154998,0.3151224871519938,10.114204075638327,1.5022345990530084,0.004608081592187142
demo_77,442,1.0,0.05120850642764059,0.00011611906219419634,128.8271502969939,0.2921250573627979,8.81773284456288,1.7679639252407282,0.004008988492609361
demo_78,274,1.0,0.07363507431647132,0.0002697255469467814,92.47263783561176,0.338727611119457,10.211507919912217,1.2859935594539276,0.004710599118878856
demo_79,245,1.0,0.01832709757264207,7.511105562558226e-05,88.5747329945312,0.363011200797259,11.301681649122305,1.170702769037039,0.004797962168184586
demo_8,103,1.0,0.015555868505629768,0.00015250851476107614,30.363973890694325,0.2976860185362189,9.050273786243453,0.88898259719806,0.008715515658804511
demo_80,335,1.0,0.17746996711616783,0.0005313472069346342,118.09434608649708,0.3535758864865182,10.320432646992504,1.3402670665765193,0.004012775648432693
demo_81,246,1.0,0.0789861614118067,0.0003223924955583947,72.88042682846032,0.2974711299120829,11.25764530671382,1.2988413977370725,0.005301393460151316
demo_82,310,1.0,0.019180818706403712,6.207384694629034e-05,71.3537730210205,0.23091835929132848,9.414837910139317,1.474701311677605,0.004772496154296457
demo_83,266,1.0,0.05623596455764315,0.00021221118700997418,94.96128580089642,0.35834447472036385,10.531433658345614,1.2703809851700651,0.004793890510075717
demo_84,291,1.0,0.06910022117485905,0.00023827662474089326,76.43595463538463,0.2635722573633953,3.6259046206448096,1.1530757177862014,0.0039761231647800046
demo_85,322,1.0,0.008053196334170617,2.508783904726049e-05,89.56265832819423,0.27901139666104124,9.484828171191447,1.4170948609188794,0.00441462573494978
demo_86,450,1.0,0.024489550963598044,5.45424297630246e-05,148.56741782407738,0.33088511764827927,9.812589302220097,1.8328759030746384,0.004082128960077145
demo_87,328,1.0,0.12529865511766977,0.00038317631534455585,109.13906144646438,0.3337585976956097,9.981275533958982,1.5281704432428542,0.004673304107776313
demo_88,252,1.0,0.06240112796861911,0.00024861007158812396,65.63276412595714,0.2614851160396699,10.252306304234496,1.2021584705685624,0.004789475978360806
demo_89,218,1.0,0.0585176727495675,0.00026966669469846775,67.77128489960766,0.31231006866178646,11.840622402619852,1.1151915249730728,0.005139131451488815
demo_9,103,1.0,0.016295385408207772,0.0001597586804726252,41.26491091018324,0.4045579500998357,8.116822044691915,0.8489666544280792,0.008323202494392933
demo_90,247,1.0,0.02770277617132651,0.00011261291126555492,76.59707120678873,0.31137020815767774,10.028447852418703,1.095592293971439,0.004453627211266012
demo_91,254,1.0,0.044268163483710654,0.0001749729781964848,83.46961893690796,0.3299194424383714,9.121615240418286,1.0046189683500557,0.003970825961857927
demo_92,302,1.0,0.09822079906856493,0.0003263149470716443,103.1546462690208,0.3427064660100359,10.048151328454884,1.301288429913424,0.0043232173751276545
demo_93,278,1.0,0.051255393752933594,0.0001850375225737675,86.83124398208352,0.31347019488116795,10.17291205454389,1.4508802554781526,0.005237834857321851
demo_94,216,1.0,0.11388256612270176,0.000529686354059078,65.71285999189814,0.3056412092646425,12.129294735369491,1.1012449821492782,0.0051220696844152475
demo_95,261,1.0,0.0501114387369327,0.00019273630283435652,84.27091109080277,0.3241188888107799,3.663605366146603,1.033767610000283,0.003976029269231858
demo_96,289,1.0,0.019262219086031363,6.688270515983112e-05,114.43319016526175,0.3973374658516033,4.016791913404006,1.4938988299665388,0.005187148715161593
demo_97,289,1.0,0.08173996629618051,0.0002838193274172934,96.3434900565841,0.334526007140917,6.102400223221991,1.3125745011134393,0.004557550351088331
demo_98,254,1.0,0.06619367990575918,0.0002616350984417359,87.92940642571286,0.34754706097119703,4.114152428365522,1.0204008324950684,0.004033204871522009
demo_99,305,1.0,0.08174558761770567,0.00026889995926876865,91.15523181452028,0.2998527362319746,4.829808487295584,1.4974234917339764,0.004925735170177554
