demo,T,success,ted,ted_norm,sal,sal_norm,jerk,path_len,path_len_norm
demo_0,127,1.0,0.04329847497715966,0.00034363869029491797,29.395172341306935,0.23329501858180107,8.987420161263833,0.8559087883855797,0.006792926891949045
demo_1,123,1.0,0.0625420221892403,0.000512639526141314,37.44051952324739,0.30688950428891304,10.298108036112163,0.8503856928054395,0.006970374531192127
demo_10,159,1.0,0.05264622878347021,0.0003332039796422165,47.28127375044965,0.29924856804082056,10.061686159741347,0.8536581673703507,0.005402899793483232
demo_100,258,1.0,0.013631016349960234,5.3038974124358884e-05,77.84289016707982,0.3028906232182094,10.451217110680101,0.9377724151443896,0.0036489199032855627
demo_101,298,1.0,0.13700292869156108,0.00046128932219380834,112.9363235239728,0.380256981562198,9.96097938791851,0.9915255222626436,0.003338469771928093
demo_102,282,1.0,0.09461391607025155,0.0003367043276521407,98.6714507462448,0.3511439528336114,7.437318334664064,0.9089951232960445,0.003234858090021511
demo_103,340,1.0,0.10876539325349173,0.0003208418680044004,112.18465741088457,0.33092819295246184,7.418012219605214,1.0073318116750973,0.002971480270428016
demo_104,170,1.0,0.05728545781614832,0.00033896720601271196,60.0627269806251,0.35540075136464555,7.154326942524742,0.7650926895230632,0.004527175677651261
demo_105,235,1.0,0.015947860738775445,6.815325102040788e-05,76.94355808933777,0.3288186243134093,8.598722877037511,1.101320721829723,0.004706498811238132
demo_106,185,1.0,0.0361141143488443,0.00019627236059154512,71.01253381336798,0.38593768376830423,8.8419907630501,0.8731327195979927,0.004745286519554308
demo_107,213,1.0,0.05959029208170925,0.0002810862834042889,57.710676479848324,0.27222017207475624,6.445246186020666,0.7555615784226533,0.0035639697095408173
demo_108,270,1.0,0.031822089247727614,0.00011829772954545581,86.35789167465208,0.32103305455260994,6.475317313135661,1.0830632480156477,0.004026257427567463
demo_109,260,1.0,0.006144921180227739,2.3725564402423703e-05,91.77209976578635,0.35433243152813265,7.523180344100657,0.937017970866044,0.003617830003343799
demo_11,145,1.0,0.18539955948520598,0.001287496940869486,50.15920599993943,0.3483278194440238,7.8246764931829995,0.8696620274255313,0.006039319634899523
demo_110,218,1.0,0.005431544513500782,2.50301590483907e-05,64.94962648418455,0.2993070344893297,6.12016558009233,0.8583246960907045,0.003955413346040113
demo_111,232,1.0,0.04167493422056035,0.00018041097065177642,69.18688807073653,0.2995103379685564,8.502924505003078,0.9769228241067969,0.004229103134661459
demo_112,207,1.0,0.23097775200170162,0.001121251223309231,70.1572167381312,0.34056901329189904,6.64049804324489,0.9187915848967662,0.004460153324741583
demo_113,227,1.0,0.08935545202274972,0.0003953781062953527,70.10010184435087,0.3101774417891632,8.584294469600124,0.865324652421815,0.0038288701434593584
demo_114,206,1.0,0.10650329878457059,0.0005195282867540028,85.65643898626928,0.41783628773789894,10.624618780445937,0.869365743598154,0.004240808505356849
demo_115,290,1.0,0.13365560164359408,0.0004624761302546508,118.14595345877146,0.40880952753900157,11.768566151216838,1.080328181225878,0.003738159796629336
demo_116,199,1.0,0.01975198155273771,9.97574825895844e-05,70.44339783772101,0.3557747365541465,8.717901681953746,0.783800956026959,0.003958590687004843
demo_117,194,1.0,0.023759144340259494,0.00012310437481999738,63.57241465337341,0.3293907494993441,7.593897212978365,0.8348645465168779,0.004325723038947554
demo_118,332,1.0,0.06763665486943399,0.00020434034703756493,48.82487051945378,0.1475071616901927,10.639808892155257,1.2132298611835115,0.0036653470126390077
demo_119,197,1.0,0.017399397139607194,8.877243438575098e-05,68.12920255975743,0.34759797224366035,9.090428254540129,0.8202771054639458,0.0041850872727752335
demo_12,154,1.0,0.030214508814998403,0.0001974804497712314,49.94534565492031,0.3264401676792177,16.516912975237023,0.9822709928052138,0.00642007184840009
demo_120,237,1.0,0.03872169993866022,0.00016407499974008567,88.58043969208619,0.3753408461529076,8.364379299177832,0.9055139755123425,0.0038369236250522984
demo_121,217,1.0,0.09715447058130888,0.0004497892156542078,76.31828196841413,0.35332537948339876,6.614669822776527,0.9155423436484897,0.0042386219613356
demo_122,168,1.0,0.051066524319837936,0.00030578757077747267,50.31247659055311,0.30127231491349166,6.98625342169163,0.8542405853860369,0.0051152130861439335
demo_123,179,1.0,0.047589676258379406,0.00026735773178864836,55.11964566767036,0.3096609307172492,13.371856405894702,0.8493253899476894,0.004771490954762299
demo_124,198,1.0,0.036201794440969964,0.00018376545401507595,54.61957491058887,0.2772567254344612,7.609316194157055,0.8401080986287417,0.004264508114866709
demo_125,155,1.0,0.09111529769113219,0.0005916577772151441,51.782587103129394,0.3362505656047363,9.063236999458123,0.8042239771734765,0.005222233618009588
demo_126,281,1.0,0.1050546033918497,0.00037519501211374896,94.26757769803521,0.3366699203501258,10.616573060070897,0.944697427742065,0.0033739193847930893
demo_127,218,1.0,0.09192695976214628,0.00042362654268270175,82.73447124386311,0.3812648444417655,6.485609018332967,1.1166804036671214,0.005145992643627287
demo_128,259,1.0,0.10876534295556349,0.0004215710967269903,99.09727982781003,0.384097983828721,8.45823816677778,0.8116090454775964,0.0031457714940992107
demo_129,151,1.0,0.013199079941813793,8.799386627875862e-05,55.50078568833382,0.37000523792222545,15.006026322956258,0.75350910947458,0.005023394063163867
demo_13,166,1.0,0.0609170296593994,0.00036919411914787515,55.17471253171446,0.3343921971619058,12.375414383081392,1.0194217131721937,0.00617831341316481
demo_130,298,1.0,0.1655023066185468,0.0005572468236314707,109.67325612591858,0.3692702226461905,8.301381980436492,1.0773505304973916,0.003627442863627581
demo_131,220,1.0,0.13517763699906452,0.0006172494840139932,67.3912126966325,0.3077224324047146,9.667435970972086,0.92191308710105,0.004209648799548173
demo_132,356,1.0,0.13336641979888267,0.00037568005577150046,114.94148380286316,0.323778827613699,11.418697421760637,1.522931171332573,0.004289946961500206
demo_133,203,1.0,0.08653261687347759,0.00042837929145285935,76.79842840273936,0.3801902396175216,13.925710417345035,0.9180669743152976,0.004544886011461869
demo_134,190,1.0,0.004854617918957359,2.5685809095012484e-05,60.003204119762955,0.3174772704749363,7.193889674909052,0.8713925125685542,0.004610542394542615
demo_135,237,1.0,0.07542422766511188,0.0003195941850216605,65.76739266536684,0.2786753926498595,8.208416660643591,1.0464520712573386,0.004434118946005672
demo_136,248,1.0,0.05408967508007105,0.00021898653878571275,72.5463430153905,0.29370989075056886,7.175256201516835,1.0264705565122052,0.004155751240940102
demo_137,223,1.0,0.012922715680880293,5.821043099495627e-05,72.08323721379043,0.3246992667287857,9.014056305055323,0.960609696886745,0.0043270707066970495
demo_138,263,1.0,0.039687763603673994,0.0001514800137544809,77.0609066584713,0.29412559793309656,6.84657119104682,0.9003791277305423,0.003436561556223444
demo_139,180,1.0,0.035231961294043365,0.00019682659940806348,61.03195793458094,0.34096065885240745,7.751361192971795,0.7215562727233253,0.004031040629739247
demo_14,154,1.0,0.1465718160960949,0.0009579857261182674,42.09239911491041,0.2751137197052968,11.176013211358502,0.8966972836859126,0.005860766560038645
demo_140,175,1.0,0.01422758560440635,8.176773335865719e-05,61.26809185523504,0.3521154704323853,5.8951626219158415,0.8321672342259214,0.004782570311643227
demo_141,174,1.0,0.05847375503699939,0.0003379985840288982,62.35708639689883,0.36044558610924177,6.811553017274445,0.7876148236635396,0.004552686841985778
demo_142,255,1.0,0.023019708633917405,9.062877414928112e-05,99.43911115346586,0.3914925635963223,9.94617567750488,0.9396657232408832,0.00369947135134206
demo_143,176,1.0,0.1546366795782479,0.0008836381690185594,61.14701925189233,0.3494115385822419,11.544508157462582,0.756424058963307,0.00432242319407604
demo_144,173,1.0,0.05448234902178823,0.0003167578431499316,62.32062137609246,0.3623291940470492,6.959720297574795,0.8125414750804203,0.004724078343490815
demo_145,330,1.0,0.09122178045315625,0.0002772698494016907,112.57475926088532,0.3421725205498034,6.242137171022578,1.212544570812223,0.003685545807939888
demo_146,193,1.0,0.04956826118277826,0.0002581680269936368,59.94297274817099,0.31220298306339056,8.145718351642126,0.795292117852539,0.00414214644714864
demo_147,263,1.0,0.045767127007911,0.0001746836908698893,90.50354368796954,0.34543337285484554,8.28139669295563,0.9110595135270467,0.003477326387507812
demo_148,210,1.0,0.10293165983241137,0.0004924959800593846,73.4255982002514,0.35131865167584403,9.608124815399245,0.8198161152167089,0.003922565144577555
demo_149,200,1.0,0.059161987854571246,0.000297296421379755,63.63098734872794,0.31975370526998964,8.926517764966134,0.7818189568745786,0.003928738476756676
demo_15,189,1.0,0.09656211469993271,0.0005136282696804931,50.30869520902211,0.26759944260118146,8.501255709194735,0.8280376765297585,0.00440445572622212
demo_150,349,1.0,0.1731823877698381,0.0004976505395685003,128.6167485765876,0.36958835797870004,5.407439618113474,1.1056413376964533,0.003177130280736935
demo_151,265,1.0,0.18501234722089294,0.0007008043455336854,101.93086146516023,0.3861017479740918,4.034498288079109,0.985273962240813,0.0037320983418212615
demo_152,167,1.0,0.10377927788763974,0.0006251763728171069,59.86411656853082,0.36062720824416156,4.884106683389629,0.7009531991669341,0.004222609633535748
demo_153,235,1.0,0.10748362060590581,0.0004593317119910505,68.19729578325587,0.2914414349711789,4.342384521154257,0.8885613572958304,0.003797270757674489
demo_154,215,1.0,0.18810722730378646,0.0008790057350644227,62.51259918766747,0.29211494947508165,5.320203448880441,0.8497875844849838,0.003970970020957868
demo_155,234,1.0,0.1264150308069252,0.0005425537802872326,82.64211704847894,0.3546871976329568,4.317600423056803,0.8017525140478301,0.0034409979143683695
demo_156,182,1.0,0.11966927676038804,0.000661156225195514,65.37833014709338,0.3612062439065933,5.574634940758492,0.7427878169118414,0.004103800093435588
demo_157,196,1.0,0.0825873959121971,0.00042352510724203644,41.478077481177074,0.21270808964706192,5.736102169614472,0.7835200788693581,0.004018051686509529
demo_158,317,1.0,0.11647288871841692,0.0003685850908810662,116.10632742334546,0.36742508678273883,4.477491669732809,0.968478907068679,0.0030648066679388576
demo_159,261,1.0,0.2445181829406574,0.0009404545497717593,66.51400038444645,0.2558230784017171,5.138109772187359,0.8873273385921645,0.0034127974561237095
demo_16,168,1.0,0.05069428262559552,0.0003035585785963804,45.135480272336316,0.2702723369600977,7.594386404804308,0.923012316661926,0.005527019860251054
demo_160,195,1.0,0.07965108418014288,0.0004105725988667159,63.82981803200771,0.3290196805773593,5.780122512908704,0.8235907967934859,0.004245313385533432
demo_161,215,1.0,0.12274194006582625,0.0005735604675973189,79.825001759727,0.37301402691461216,4.873228096850047,0.8249433653188549,0.003854875538873154
demo_162,160,1.0,0.03695666324943154,0.0002324318443360474,33.99773665129855,0.213822243089928,4.407007441075225,0.7266197731052156,0.004569935679907017
demo_163,173,1.0,0.048908736656035776,0.00028435312009323125,46.97099343751723,0.273087171148356,4.9170927096761865,0.8574803280858887,0.0049853507446854
demo_164,188,1.0,0.006419976120695343,3.433142310532269e-05,71.61437916572181,0.38296459446910064,5.069453546186846,0.8346212169710534,0.004463215064016328
demo_165,203,1.0,0.03280270161867856,0.00016238961197365625,64.01053953038337,0.3168838590613038,4.9243134083281515,0.8160724104217713,0.004039962427830551
demo_166,174,1.0,0.06189219709336472,0.00035775836470153016,57.4762187900543,0.33223247855522714,5.258847760065987,0.7632902689055854,0.004412082479223037
demo_167,158,1.0,0.005439102792105767,3.464396682869915e-05,48.17508461439187,0.30684767270313296,5.093333679953221,0.7852724008972254,0.005001735037561945
demo_168,220,1.0,0.08406459882433615,0.0003838566156362381,70.68171623637988,0.3227475627231958,4.735495702746251,0.8386362528319967,0.0038293892823378847
demo_169,213,1.0,0.11595456006229905,0.0005469554719919767,74.86837452561484,0.3531527100264851,5.497200002081122,0.8521944784963937,0.004019785275926386
demo_17,133,1.0,0.04676880025729067,0.0003543090928582626,41.984432331653025,0.3180638813004017,8.355782190143978,0.7212902901841414,0.0054643203801828895
demo_170,189,1.0,0.09164903802768773,0.00048749488312599854,66.4990050510002,0.3537181119734053,4.6603274060761,0.9461783596662547,0.005032863615246036
demo_171,282,1.0,0.05373641496525491,0.00019123279347065802,82.58545450834134,0.2938984146204318,4.622792901360939,1.004959669895249,0.003576368932011562
demo_172,233,1.0,0.07524481269898464,0.0003243310892197614,88.75008320269336,0.3825434620805748,5.843422814006261,0.9369523113768061,0.004038587549037957
demo_173,199,1.0,0.11199986027107396,0.000565655859954919,74.66609050681832,0.3771014672061531,4.450813006716261,0.8117278356643999,0.004099635533658585
demo_174,221,1.0,0.01912660858364431,8.693912992565596e-05,76.93320774952531,0.3496963988614787,5.05556263623872,0.8538863745121729,0.0038813017023280583
demo_175,228,1.0,0.045663243410745874,0.00020115966260240474,76.38959016486032,0.3365180183474023,6.612708138536483,0.8308258321673551,0.003660025692367203
demo_176,164,1.0,0.07856209432036176,0.00048197603877522555,44.26214405529178,0.2715468960447348,5.182988391396022,0.7610533231164746,0.004669038792125611
demo_177,163,1.0,0.10037923715408438,0.0006196249207042246,55.57609557299256,0.3430623183518059,3.4332157324563104,0.7359354170903569,0.004542811216607142
demo_178,244,1.0,0.07247059351008578,0.00029823289510323367,75.91715192782219,0.31241626307745757,5.254784750290379,0.8809203486891609,0.003625186620120004
demo_179,321,1.0,0.04863396920772416,0.00015198115377413802,115.62972490143383,0.36134289031698075,5.071824156368208,1.171970565782791,0.003662408018071222
demo_18,181,1.0,0.05046781561887851,0.00028037675343821393,69.15924124356057,0.38421800690866986,10.824442608609276,0.945402142023218,0.005252234122351211
demo_180,257,1.0,0.09513692676563265,0.00037162862017825254,95.67461487534446,0.3737289643568143,5.563482253672462,1.1247357374159626,0.004393498974281104
demo_181,170,1.0,0.14599916248024558,0.0008639003697055952,62.16183817219574,0.36782152764612863,5.465984345050901,0.7263209320209201,0.004297756994206627
demo_182,194,1.0,0.005104739866532397,2.6449429360271485e-05,52.60464736440663,0.27256293971195145,6.56052522670701,0.894448036769284,0.004634445786369347
demo_183,248,1.0,0.007417062484488495,3.002859305460929e-05,83.07843418163826,0.33634993595804963,5.249134431482925,0.8156544588278354,0.0033022447725823295
demo_184,298,1.0,0.09158701439010383,0.00030837378582526545,92.72961676144766,0.3122209318567261,5.038395255874911,1.0127478840464075,0.0034099255355097896
demo_185,207,1.0,0.07633581222161957,0.00037056219525058047,73.16804361961943,0.35518467776514284,4.448275721559908,0.8838966337643389,0.004290760358079315
demo_186,197,1.0,0.11977646820323787,0.0006111044296083565,62.35815165351008,0.31815383496688815,5.405506733704622,0.8650239469167054,0.004413387484268905
demo_187,223,1.0,0.07806112987045052,0.0003516267111281555,85.13812697578183,0.3835050764674857,5.661545843391914,0.8953941516357664,0.004033306989350299
demo_188,300,1.0,0.05490509781374504,0.00018362908967807704,111.01725410491005,0.3712951642304684,5.865442129074467,1.1418617274305447,0.003818935543245969
demo_189,210,1.0,0.07874162622995255,0.00037675419248781126,77.10782860946595,0.3689369789926601,5.14954927283768,0.8516174503552492,0.004074724642848082
demo_19,162,1.0,0.03379930380002268,0.00020993356397529616,52.663756935988275,0.32710408034775323,11.359191963476354,0.9775249647534618,0.00607158363200908
demo_190,191,1.0,0.015287708152676072,8.046162185618985e-05,64.34773243088279,0.33867227595201466,4.308180034636845,0.9299642972055144,0.004894548932660603
demo_191,218,1.0,0.02053849612558497,9.464744758334088e-05,53.243928842899784,0.24536372738663495,7.968700161198326,0.9611949710882702,0.004429469912849171
demo_192,152,1.0,0.01626369221940085,0.0001077065709894096,50.445672423642726,0.33407730081882603,4.651840625260016,0.7627817693615448,0.005051534896434072
demo_193,227,1.0,0.05252994018571019,0.0002324333636535849,61.4393362246974,0.271855470020785,6.253423760809733,1.0171507895896341,0.004500667210573603
demo_194,198,1.0,0.23355605173512484,0.0011855637143914966,62.735053848638415,0.3184520499930884,6.769662273734631,0.832945543992464,0.0042281499695048935
demo_195,179,1.0,0.005871412762207017,3.298546495621919e-05,61.54665023648037,0.34576769795775486,5.27709428328174,0.9435755301494348,0.005300986124435027
demo_196,180,1.0,0.08691985845728349,0.00048558580143733796,53.13757437179103,0.2968579573843074,4.484554488504905,0.8271989787989247,0.004621223345245389
demo_197,184,1.0,0.032198013810908595,0.0001759454306607027,64.23023974479706,0.3509849166382353,6.178613901627727,0.7416432942413798,0.00405269559694743
demo_198,215,1.0,0.18441164950675382,0.0008617366799381019,75.70717352096605,0.35377183888301894,5.4555977220412615,0.8930599804146762,0.004173177478573253
demo_199,218,1.0,0.08029096544292268,0.0003700044490457266,76.78097274504154,0.35382936748867067,5.3148847703920765,0.7942106015449626,0.003659956689147293
demo_2,134,1.0,0.11639760031653476,0.0008751699271919907,40.6994227458503,0.3060106973372203,11.07272000224845,0.7723326435830944,0.005807012357767627
demo_20,173,1.0,0.05512322139027947,0.0003204838452923225,66.73118308060518,0.38797199465468124,10.790148613295937,0.8611654788686878,0.005006776039934231
demo_200,322,1.0,0.08540533616789449,0.0002660602372831604,115.54908304377896,0.35996599079058866,11.949443928144191,1.5801255375875582,0.00492250946288959
demo_201,771,1.0,0.11103321390125012,0.00014419897909253264,275.18431541621214,0.3573822278132625,7.22183745789309,2.5769626251622304,0.0033467047080028966
demo_202,330,1.0,0.03802734266522527,0.00011558462816177894,123.26991623577916,0.37468059646133484,7.10715575436528,1.3054556653966132,0.003967950350749584
demo_203,276,1.0,0.1308450755076901,0.0004758002745734185,98.69629317988694,0.35889561156322525,7.9603874385873015,1.0905609747900413,0.003965676271963787
demo_204,375,1.0,0.07863082560262671,0.00021024284920488425,129.6738318569256,0.34672147555327704,8.696690564550329,1.449136894483642,0.0038746975788332676
demo_205,273,1.0,0.27635241856129605,0.0010160015388282944,93.33008885166782,0.34312532666054346,9.267676133571701,0.8710531231368057,0.0032024011880029623
demo_206,264,1.0,0.1729276991962781,0.0006575197688071411,101.37061244478122,0.38543959104479547,10.552198476141665,1.325914612439287,0.005041500427525806
demo_207,185,1.0,0.1527796248377127,0.0008303240480310474,49.329279434880085,0.26809390997217436,7.08955307654798,0.8231659134337053,0.0044737277904005725
demo_208,286,1.0,0.11398792971208954,0.0003999576481125949,101.10957537681192,0.3547704399186383,13.021952825952356,1.1651402646114022,0.0040882114547768494
demo_209,210,1.0,0.1292016841599826,0.0006181898763635531,72.04894086544692,0.3447317744758226,8.631851077627598,0.8445700460950416,0.004041005005239433
demo_21,152,1.0,0.10257817937021722,0.0006793256911934916,36.67204481932918,0.24286122396906742,12.193838028391484,0.9492668821092918,0.006286535643107893
demo_210,415,1.0,0.04871226478420479,0.00011766247532416616,136.33657292263138,0.32931539353292605,8.217367805657432,1.6267814304909733,0.0039294237451472785
demo_211,268,1.0,0.10958771086206769,0.0004104408646519389,74.97349956705574,0.2807996238466507,8.299112309445169,0.9277818625606582,0.003474838436556772
demo_212,571,1.0,0.09744477008789891,0.0001709557369963139,192.07457720479167,0.3369729424645468,9.463014891202334,2.4859889130274704,0.00436138405794293
demo_213,236,1.0,0.03398803455058963,0.0001446299342578282,87.05521272405112,0.37044771371936647,9.271980818252544,1.122686044916029,0.004777387425174591
demo_214,368,1.0,0.13087766453100075,0.00035661488973024727,56.26011000302577,0.1532973024605607,11.726924303768644,2.4122304917939097,0.006572835127503841
demo_215,229,1.0,0.06888304949089313,0.00030211863811795234,56.256720196391484,0.24674000086136616,10.110039964854048,1.1477101497629494,0.005033816446328726
demo_216,170,1.0,0.11878152292192687,0.0007028492480587389,59.98787896499503,0.3549578636981955,10.950794077733914,0.8345065659840338,0.004937908674461739
demo_217,288,1.0,0.18229430836748994,0.0006351718061585015,86.34947877904668,0.3008692640384902,8.879431173292744,1.087302683556529,0.0037885110925314595
demo_218,214,1.0,0.1623971643100371,0.0007624280014555732,82.8949397293196,0.3891781207949277,9.356059657735546,0.9763307287106863,0.004583712341364724
demo_219,207,1.0,0.0617957145178323,0.0002999791966885063,60.858019886428664,0.2954272810020809,9.414760162483388,0.8589685295930247,0.00416975014365546
demo_22,134,1.0,0.16502225344028254,0.0012407688228592672,38.623999031427616,0.29040600775509484,12.599545910751287,0.9099443351668615,0.006841686730577906
demo_220,218,1.0,0.14062517036325012,0.0006480422597384798,94.1400283263464,0.43382501532878526,10.126752528888584,1.0031102788023725,0.004622628012914159
demo_221,462,1.0,0.07887354638867934,0.00017109229151557342,164.11499792959586,0.35599782631148774,7.93166244195441,1.7418032181662868,0.003778315006868301
demo_222,302,1.0,0.2108764311795627,0.000700586150098215,105.76264084335213,0.3513708998118011,6.85605574889949,1.1237349920974273,0.0037333388441774993
demo_223,337,1.0,0.0724236659475436,0.00021554662484387976,126.09061439456512,0.3752696856981105,10.81356730565694,1.5290321046089739,0.004550690787526708
demo_224,329,1.0,0.02909716651379599,8.87108735176707e-05,114.18442691368595,0.3481232527856279,9.896788639059407,1.3235309266591377,0.004035155264204688
demo_225,324,1.0,0.07394085636509702,0.00022891905995386076,122.53486886789389,0.37936491909564674,9.955762237648884,1.5706379384560996,0.004862656156210834
demo_226,775,1.0,0.138187295740744,0.0001785365578045788,258.6420924522894,0.3341629101450767,9.149579291788683,2.9715853520142046,0.0038392575607418666
demo_227,196,1.0,0.13685103336867965,0.0007018001711214341,56.10889528069204,0.2877379245163694,8.543814237604435,0.8344047774657333,0.004278998858798632
demo_228,348,1.0,0.1801996304324908,0.0005193072923126536,64.48724532536491,0.18584220554860204,10.168426376969494,1.4908269552888236,0.004296331283253094
demo_229,329,1.0,0.07531757241022803,0.00022962674515313424,100.1562509270167,0.30535442355797776,10.01815718793679,1.9089359734162776,0.0058199267482203585
demo_23,136,1.0,0.09539455930100472,0.0007066263651926276,55.01313222735728,0.4075046831656095,7.751557718960338,0.785162386400323,0.0058160176770394294
demo_230,565,1.0,0.14761381161128176,0.00026172661633205987,213.29038455881349,0.3781744407071161,9.481541439250218,2.2377780731429073,0.003967691619047708
demo_231,271,1.0,0.0892573469357395,0.00033058276642866484,89.86444840922911,0.3328312904045523,8.975734126014526,1.4500639424323492,0.005370607194193886
demo_232,357,1.0,0.11536508511140732,0.0003240592278410318,113.66216984660454,0.31927575799608016,8.433750504969128,1.7295444477712878,0.0048582709207058644
demo_233,178,1.0,0.09787187144964911,0.000552948426269204,57.04891168403935,0.3223102355030472,8.327149931857099,0.9074611485334898,0.005126899144257005
demo_234,333,1.0,0.0979727875359136,0.000295098757638294,88.21854466538161,0.26571850802825786,7.2995331445314,1.4516511791716395,0.004372443310757951
demo_235,427,1.0,0.06342139474266811,0.00014887651348044159,134.2252397798792,0.3150827224879793,6.5304671635660085,1.7424329640395626,0.004090218225444983
demo_236,213,1.0,0.030984289387283655,0.00014615230843058327,65.22870917424945,0.30768259044457286,7.425074286402384,1.2168778991248241,0.005739990090211434
demo_237,341,1.0,0.10925484500290558,0.0003213377794203105,89.71365560306248,0.26386369295018375,8.297748035889144,1.5467671296336025,0.004549315087157654
demo_238,206,1.0,0.07149547976862662,0.0003487584378957396,64.76340966182865,0.31591907152111537,11.368534072294159,0.965781512823799,0.0047111293308478
demo_239,366,1.0,0.07504399061518521,0.00020559997428817867,88.23699875621645,0.2417452020718259,10.214126612767535,1.6990288902460176,0.004654873671906898
demo_24,148,1.0,0.09410935019242933,0.0006401996611729887,62.594751322933654,0.4258146348498888,9.203982487050853,0.7953131128537353,0.005410293284719288
demo_240,206,1.0,0.12490315730287589,0.0006092836941603702,63.5689072134783,0.3100922303096502,7.4997759968861955,0.9289248242813583,0.004531340606250528
demo_241,307,1.0,0.12226690989642656,0.0003995650650210018,99.22408223037993,0.3242617066352285,7.809532267262916,1.3975336836692558,0.004567103541402797
demo_242,303,1.0,0.22140745439970397,0.0007331372662241853,112.26708185912437,0.37174530416928603,8.682674661088624,1.258245022741919,0.004166374247489798
demo_243,349,1.0,0.09232361516190687,0.0002652977447181232,125.29892221718431,0.36005437418731123,6.7724973382335,1.220177966109619,0.003506258523303503
demo_244,203,1.0,0.18844410838737127,0.0009328916256800558,79.20041363807726,0.3920812556340459,9.012268341066388,1.2333712980015785,0.0061057985049583095
demo_245,284,1.0,0.042779481362116456,0.00015116424509581787,84.59262693492698,0.29891387609514836,6.689940746112566,1.1304885817371717,0.003994659299424635
demo_246,189,1.0,0.0873866742419698,0.0004648227353296266,67.90163449010109,0.36117890686223986,11.385654452718473,0.9754662441382635,0.005188650234777998
demo_247,630,1.0,0.08677601313242445,0.0001379586854251581,218.049100285915,0.34665993686155006,9.013377313100548,2.611225440752908,0.004151391797699377
demo_248,220,1.0,0.11486617710595197,0.0005245030918079998,69.75183190024127,0.31850151552621586,9.242367778772378,0.9832645520948706,0.004489792475319044
demo_249,405,1.0,0.08436471541465919,0.00020882355300658214,143.50092275127218,0.3552003038397826,7.592963658768112,1.2314423885116854,0.003048124724038825
demo_25,137,1.0,0.01201957280755271,8.837921182024051e-05,37.593094378798085,0.27641981160880946,13.190903450868365,0.8752939459550754,0.006435984896728496
demo_250,208,1.0,0.020965040953491495,0.00010128039107966906,73.83654887796959,0.3566983037583072,7.580293743903024,0.9816707232117529,0.004742370643535038
demo_251,283,1.0,0.019709247906582926,6.989095002334371e-05,87.58144900439243,0.3105725141999731,8.955782003502804,1.384822937047888,0.004910719634921588
demo_252,221,1.0,0.022706682819863388,0.00010321219463574268,78.16081842038784,0.35527644736539926,10.057871553224336,1.0232865495108263,0.004651302497776484
demo_253,371,1.0,0.02585289750586328,6.987269596179266e-05,128.39923999640627,0.3470249729632602,7.441197727988844,1.5249871473507672,0.0041215868847318034
demo_254,245,1.0,0.00580716206931575,2.3799844546376023e-05,58.33073763440161,0.2390604001409902,5.690806710019561,0.9629401428898354,0.0039464759954501456
demo_255,391,1.0,0.11523732528420845,0.00029548032124156014,136.09639533838305,0.34896511625226423,6.5901222291013575,1.3906620117774922,0.0035658000301986978
demo_256,226,1.0,0.1473353531102375,0.0006548237916010556,75.10173670744982,0.33378549647755473,7.8690476493977135,1.08627537832119,0.0048278905703164005
demo_257,321,1.0,0.016425155626560467,5.132861133300146e-05,116.53453237022096,0.3641704136569405,6.285473879846167,1.0438787852931088,0.0032621212040409653
demo_258,281,1.0,0.24119179337369437,0.0008613992620489085,98.44009376801554,0.35157176345719837,7.943092027746478,1.1549403703870076,0.004124787037096456
demo_259,396,1.0,0.260785338743065,0.0006602160474507975,124.06282699758651,0.31408310632300385,5.840464518186916,1.2948674549849837,0.0032781454556581866
demo_26,145,1.0,0.010157509922050004,7.053826334756948e-05,49.79397476724331,0.3457914914391897,12.115966676906282,0.857968149740904,0.0059581121509784995
demo_260,266,1.0,0.0383092609510039,0.00014456324887171282,89.49026433908517,0.3376991107135289,6.160646766303282,0.8978073694906162,0.0033879523377004384
demo_261,512,1.0,0.02656281528716004,5.198202600227013e-05,172.0788257414607,0.33674916974845537,5.92548459055579,1.8692376546279084,0.003657999324125065
demo_262,307,1.0,0.02483803799630875,8.11700588114665e-05,65.70943326873953,0.21473671002856057,6.185975334556701,1.1303608840981663,0.0036939898173142687
demo_263,235,1.0,0.0868962751397637,0.0003713516031613833,76.85060457896903,0.3284213870896112,11.340796217555267,1.0269773232930273,0.004388791979884732
demo_264,320,1.0,0.03619448830286261,0.00011346234577699877,96.53249662228535,0.3026097072798914,7.582340532259791,1.1269440020678658,0.0035327398183945635
demo_265,263,1.0,0.015799268365876015,6.030255101479395e-05,92.07923969341677,0.35144747974586554,5.455095942592078,0.9854358580893651,0.0037612055652265844
demo_266,279,1.0,0.04336890984522441,0.00015600327282454824,79.58654274098353,0.2862825278452645,9.039078330681269,1.0594377593488726,0.0038109271919024197
demo_267,343,1.0,0.047231569252670844,0.00013810400366278023,137.0113445037731,0.40061796638530145,6.578532205656741,1.2708109781956232,0.0037158215736714127
demo_268,235,1.0,0.022706475131363264,9.703621851009942e-05,62.29870209897576,0.26623376965374257,5.471821263183642,1.0386028338851927,0.00443847364908202
demo_269,488,1.0,0.21122924516351188,0.00043373561635218043,159.7502493654224,0.3280292594772534,8.356841514648364,1.6919615072663101,0.0034742536083497127
demo_27,171,1.0,0.02963335093209205,0.00017431382901230617,55.48568811439033,0.32638640067288427,11.074903335147749,0.9317946985109682,0.005481145285358637
demo_270,262,1.0,0.09973154998553445,0.00038211321833538103,95.98317256677828,0.36775161902980186,7.2238713565334844,1.0720737367460256,0.0041075622097548874
demo_271,343,1.0,0.09674955030220624,0.00028289342193627557,106.87656098266453,0.31250456427679685,8.372508425678854,1.2954950143458996,0.0037879971179704667
demo_272,219,1.0,0.021089671663483602,9.674161313524588e-05,67.7222444820974,0.3106524976243,7.668466251907079,0.8878277204349292,0.004072604222178575
demo_273,238,1.0,0.008508125824560963,3.589926508253571e-05,83.90323290544151,0.35402207976979544,6.543265720638871,0.9793195525268747,0.004132150010661919
demo_274,244,1.0,0.009949274132270742,4.094351494761622e-05,58.45784640440931,0.24056726915394777,7.316102132918686,1.150380350375428,0.004734075515948263
demo_275,289,1.0,0.025810296698433485,8.96190857584496e-05,92.95116674943029,0.32274710676885515,6.159801372455699,1.0767698862970763,0.0037387843274204035
demo_276,343,1.0,0.043626951009153106,0.00012756418423728977,120.73121628541097,0.3530152522965233,6.587698598752187,1.354688274851031,0.0039610768270497984
demo_277,424,1.0,0.05733738949799967,0.0001355493841560276,134.49577704584073,0.3179569197301199,8.139605436709802,1.3887438893317832,0.003283082480689795
demo_278,264,1.0,0.07387081039911003,0.0002808776060802663,80.23387911218146,0.30507178369650745,7.879370047967471,1.1371093664394185,0.004323609758324785
demo_279,184,1.0,0.049600499907299166,0.00027104098309999546,49.87590918575048,0.2725459518347021,7.7735147540212735,1.0168897052466408,0.005556774345610059
demo_28,149,1.0,0.062429187168816035,0.00042181883222172997,52.20369452059078,0.35272766567966746,8.601588604556978,0.7691776312189036,0.005197146156884483
demo_280,261,1.0,0.020425937209307878,7.856129695887646e-05,83.99288357915529,0.32304955222752035,4.967732293181061,0.9841511916524609,0.0037851968909710034
demo_281,241,1.0,0.04057287177664021,0.00016905363240266754,70.85982860350063,0.2952492858479193,7.100307049193374,0.9977211104360162,0.004157171293483401
demo_282,295,1.0,0.009313856565517318,3.167978423645346e-05,84.52998373152045,0.28751695146775663,9.882271102871925,1.2737585826597717,0.0043325121859175905
demo_283,279,1.0,0.07213177176205003,0.00025946680489946053,84.3044905555502,0.30325356314946117,6.4050915792618675,0.9827196991256784,0.003534962946495246
demo_284,437,1.0,0.04394496977540185,0.0001007912150811969,128.8308568625753,0.2954836166572828,9.866113597237435,1.6840694444415638,0.0038625445973430365
demo_285,264,1.0,0.01964288248580707,7.46877661057303e-05,94.48000376437305,0.35923955803944124,6.917376717981095,1.07115327912933,0.004072826156385285
demo_286,260,1.0,0.12516178480231835,0.00048325013437188554,87.24302043517973,0.3368456387458677,18.23131346039884,1.1299592061381152,0.004362776857676121
demo_287,280,1.0,0.0370008551233854,0.00013261955241356774,83.44094236489991,0.29907147801039397,11.668761807747265,1.1466874418867223,0.004109990831135206
demo_288,287,1.0,0.0074047745314225685,2.589082003993905e-05,94.20240677280242,0.32937904466014833,5.007091396024588,0.9090899810019567,0.0031786362972096387
demo_289,660,1.0,0.023273760084541344,3.531678313283967e-05,237.51156537944607,0.3604120870704796,7.034544448689649,2.162043676029236,0.0032807946525481575
demo_29,177,1.0,0.06674674571930354,0.00037924287340513376,70.85038232828924,0.4025589905016434,8.877085271299872,0.8534307255598299,0.0048490382134081245
demo_290,259,1.0,0.07823209517615436,0.00030322517510137346,79.2126274176023,0.3070256876651252,6.184235785834002,1.0588863563263575,0.0041042106834354945
demo_291,275,1.0,0.02530339329137798,9.234815069845979e-05,118.07167838576848,0.4309185342546295,12.371404612601914,1.1714119617744392,0.004275226137862916
demo_292,291,1.0,0.14432404190904016,0.0004976691100311729,97.41727133621313,0.33592162529728664,5.352950795730279,1.032281865642661,0.0035595926401471066
demo_293,274,1.0,0.13829563929594252,0.0005065774333184708,86.62530646227344,0.3173088148801225,8.345613202629542,1.116490467667715,0.0040897086727755124
demo_294,230,1.0,0.16809329641822113,0.0007340318620883019,79.21120068344736,0.345900439665709,14.553240867992105,1.000105329641109,0.004367272181838904
demo_295,272,1.0,0.021742713794588666,8.023141621619433e-05,92.96988009573307,0.3430622881761368,5.698943627273297,0.968676848377149,0.00357445331504483
demo_296,232,1.0,0.007728934298869815,3.3458590038397465e-05,74.23627419204584,0.3213691523465188,5.511053167553222,1.01624376228453,0.0043993236462533765
demo_297,292,1.0,0.08876101121839632,0.00030502065710789113,106.78797051725877,0.3669689708496865,6.601770549841252,0.9350532769858351,0.003213241501669536
demo_298,278,1.0,0.045208727861923516,0.0001632084038336589,84.63349556013188,0.3055360850546277,6.109374322549131,0.9314837137528824,0.0033627570893605863
demo_299,345,1.0,0.10490907797970143,0.0003049682499409925,102.3398944699616,0.29749969322663256,10.398028025595982,1.3772389849441269,0.0040036017004189735
demo_3,127,1.0,0.05951338665892807,0.0004723284655470482,41.71835824645337,0.3310980813210585,11.063906035543118,0.8679553319757586,0.006888534380759989
demo_30,136,1.0,0.06733798058772873,0.000498799856205398,45.56053346052757,0.33748543304094497,8.661495546037237,0.7283356343032645,0.005395078772616775
demo_31,144,1.0,0.020342030848143563,0.0001422519639730319,49.47920308704792,0.3460084131961393,9.307447876746355,0.8643050756577151,0.00604409143816584
demo_32,177,1.0,0.030316938567226524,0.0001722553327683325,61.73108597864725,0.35074480669685937,12.389325657542939,0.9156838148228517,0.0052027489478571115
demo_33,191,1.0,0.07580185869691737,0.0003989571510364072,72.21397112326302,0.38007353222770013,8.934558877737652,1.1612950716064772,0.006112079324244617
demo_34,159,1.0,0.1605264060696126,0.0010159899118329912,48.37176947639957,0.30615043972404793,8.113561233955577,0.9091881619131059,0.00575435545514624
demo_35,160,1.0,0.14635739564601524,0.0009204867650692782,64.13619723421759,0.40337230964916726,9.764585050500994,0.9670611515352416,0.006082145607139884
demo_36,160,1.0,0.10855470677642294,0.0006827340048831632,56.93016626448985,0.3580513601540242,11.469895458716929,0.933688211847028,0.005872252904698289
demo_37,130,1.0,0.045596744820067786,0.00035346313814006036,33.885675257655755,0.26267965316012215,10.764189280433417,0.8609613234820679,0.006674118786682697
demo_38,132,1.0,0.20331477078309076,0.00155202115101596,47.28892537694248,0.36098416318276705,11.25356177694075,0.8845182341909346,0.006752047589243775
demo_39,154,1.0,0.06987698327616786,0.0004567123089945611,58.402976034327054,0.38171879760998073,10.057911512993096,1.0492756749103527,0.006858010947126488
demo_4,180,1.0,0.1905136669578487,0.001064322161775691,72.46800044084048,0.4048491644739692,15.790917602927806,1.0279225751649446,0.005742584218798573
demo_40,194,1.0,0.16483553608276316,0.0008540701351438506,66.86991142887342,0.34647622502006953,10.035432317610505,1.0085035830148392,0.005225407165879996
demo_41,169,1.0,0.051913586583148395,0.00030900944394731186,50.05805238042443,0.29796459750252635,10.092475490889507,0.9723528102971608,0.00578781434700691
demo_42,149,1.0,0.0283065899073855,0.0001912607426174696,52.65707124583497,0.35579102193131734,10.32972653849303,0.8294790104628471,0.005604587908532751
demo_43,160,1.0,0.1414481170981975,0.0008896107993597327,59.73945446937296,0.37571983943001863,9.45763490759338,0.8452974240513517,0.005316336000322966
demo_44,167,1.0,0.14202033838788647,0.0008555442071559425,60.58036009440011,0.36494192827951877,14.54341530601965,0.9702477647474779,0.00584486605269565
demo_45,142,1.0,0.13142363327030857,0.0009320825054631813,43.06454769191118,0.30542232405610764,9.744031441963868,0.8391209200886554,0.005951212199210322
demo_46,156,1.0,0.05490144758332555,0.00035420288763435834,48.538893590277276,0.31315415219533727,9.194264488159266,0.8665980094525022,0.005590954899693562
demo_47,134,1.0,0.14154554065561,0.0010642521853805264,43.14463125562414,0.3243957237264973,9.693232274030164,0.8202113235098439,0.0061670024324048415
demo_48,143,1.0,0.13075614585020223,0.0009208179285225509,36.74360730391946,0.25875779791492576,9.039640918764713,0.8899724333225756,0.006267411502271659
demo_49,147,1.0,0.16636662115582265,0.0011394974051768675,55.546356462754744,0.380454496320238,10.002249612516376,0.8642905404595265,0.005919798222325524
demo_5,170,1.0,0.04598941898061827,0.0002721267395302856,53.97214216532868,0.3193617879605247,12.640440303749763,1.0533280137607313,0.006232710140596043
demo_50,503,1.0,0.10231538821185003,0.0002038155143662351,139.31964633545792,0.2775291759670476,4.290331590414442,1.4561265864630415,0.002900650570643509
demo_51,553,1.0,0.19268825006168724,0.00034907291677841894,193.67091470302773,0.35085310634606476,3.9046243235004723,1.4895981671203138,0.002698547404203467
demo_52,326,1.0,0.08806913477101468,0.0002709819531415836,110.53270182628552,0.34010062100395544,4.2093204772201105,1.2271063623749379,0.0037757118842305783
demo_53,321,1.0,0.08082489127168785,0.0002525777852240245,127.43820159956414,0.39824437999863793,4.228142264049246,1.1907538144094267,0.0037211056700294587
demo_54,302,1.0,0.05850209515540607,0.00019435912011762812,96.63991066815504,0.32106282614004994,4.154084408293707,1.1300113958283662,0.00375419068381517
demo_55,516,1.0,0.25543684612392714,0.0004959938759687906,165.6329420024125,0.3216173631114806,4.2243016583797734,1.5616363437900005,0.003032303580174758
demo_56,1051,1.0,0.18309170837754565,0.00017437305559766253,355.2928591401385,0.33837415156203665,4.810108772480794,3.1029245783089197,0.002955166265056114
demo_57,287,1.0,0.12405423679335485,0.0004337560727040379,87.62270769029239,0.30637310381221117,5.278943937594254,0.9610378044204342,0.0033602720434280915
demo_58,293,1.0,0.04755190860195835,0.00016284900206150118,90.4382745234119,0.3097201182308627,4.874684284410417,1.0714113717607479,0.0036692170265779037
demo_59,700,1.0,0.09294351295498726,0.000132966399077235,201.87247904881679,0.28880182982663344,5.454376285198252,2.147764001400324,0.0030726237502150555
demo_6,133,1.0,0.05349830201084183,0.00040529016674880177,42.28115875388819,0.3203118087415772,8.256268939260533,0.7425407087172309,0.005625308399372961
demo_60,440,1.0,0.15423976083239493,0.00035134341875260806,132.3984638658608,0.3015910338630087,4.164315017035923,1.4739341644924973,0.0033574810125113833
demo_61,411,1.0,0.222626104947753,0.0005429904998725683,108.5161284171507,0.26467348394427,4.8805538782920515,1.515376611937918,0.003696040516921751
demo_62,355,1.0,0.038767666057076204,0.00010951318095219266,122.82214803022903,0.34695522042437577,5.244964829578058,1.2621239491634437,0.003565321890292214
demo_63,363,1.0,0.16093350111964883,0.00044456768265096363,125.56303478680272,0.34685921211823956,7.517756343636956,1.3947929911298873,0.003853019312513501
demo_64,936,1.0,0.14449511813119506,0.0001545402332953958,332.86894219904275,0.3560095638492436,5.508204431599533,3.404713513894044,0.0036414048276941645
demo_65,288,1.0,0.16237774454446074,0.0005657761133953336,90.22334748042877,0.3143670643917379,4.546545340376281,1.1785041266407041,0.004106286155542523
demo_66,255,1.0,0.12217676883244061,0.0004810109009151205,91.49869520220844,0.36023108347326155,5.804329997265139,1.1714558612953911,0.004612030949981855
demo_67,275,1.0,0.16702751033767815,0.0006095894537871465,56.07540529854239,0.2046547638632934,5.83202477069247,1.119426125706093,0.004085496809146325
demo_68,350,1.0,0.14666385350128544,0.00042024026791199267,89.9402599758757,0.25770848130623414,4.486286433091266,0.9764292954440374,0.002797791677490079
demo_69,360,1.0,0.08594442621300875,0.0002393995159136734,114.18721626373265,0.31807024028894887,4.81546497785772,1.3818030971499238,0.003849033696796445
demo_7,149,1.0,0.021368448414382207,0.00014438140820528518,46.630745435344714,0.3150726042928697,9.481183466377374,0.8541338176144245,0.005771174443340707
demo_70,309,1.0,0.07024168023816703,0.00022805740337067217,106.29698280142424,0.3451200740305982,6.567886901556482,1.1670659446228835,0.0037891751448794917
demo_71,448,1.0,0.2241751237036955,0.0005015103438561421,148.7582275910935,0.33279245546105923,5.803014422517504,1.8193022285990328,0.004070027357044816
demo_72,317,1.0,0.09282820701108278,0.0002937601487692493,110.69290649769022,0.35029400790408294,5.327228564334893,1.0345102644915438,0.0032737666597833664
demo_73,428,1.0,0.09872404234268349,0.0002312038462357927,138.39447669803695,0.32410884472608187,5.820609225030541,1.5421914198310591,0.003611689507801075
demo_74,283,1.0,0.25055158899119173,0.0008884808120255026,78.74032427084461,0.27922100805264044,3.931560476042247,1.2012954568259326,0.0042599129674678465
demo_75,318,1.0,0.2377342341190803,0.0007499502653598747,105.98986875662422,0.33435289828588083,5.431329931465634,1.1563368920487378,0.0036477504481032736
demo_76,234,1.0,0.16009204602660623,0.0006870903262944473,100.63500197288695,0.43190987971196115,5.82732827362797,1.0871610142040824,0.004665927099588336
demo_77,290,1.0,0.11899515944823831,0.00041174795656829865,100.33735839841407,0.3471880913439933,5.9157850170151995,1.2423440664848744,0.004298768396141434
demo_78,382,1.0,0.1952937602168429,0.0005125820478132359,129.31984408284515,0.33942216294710015,5.389376442304789,1.3399361322506476,0.003516892735566004
demo_79,308,1.0,0.023271739411833105,7.580371143919578e-05,77.61727617365209,0.25282500382297096,5.269779161893585,1.1506203145896157,0.0037479489074580315
demo_8,150,1.0,0.13245778239994288,0.0008889784053687441,44.81833846480165,0.30079421788457483,11.737299767731338,0.8477716737829049,0.005689742777066476
demo_80,252,1.0,0.07428133477973023,0.00029594157282761046,74.31653662187273,0.2960818192106483,3.6328827984621204,1.0093070801225552,0.004021143745508188
demo_81,364,1.0,0.1580642171909484,0.0004354386148510975,96.71319722672209,0.2664275405694823,4.137062761931694,1.2514938622637612,0.0034476414938395625
demo_82,566,1.0,0.1021525836815842,0.0001808010330647508,186.75701235611035,0.33054338470108025,4.619605931485575,1.6179473699564197,0.002863623663639681
demo_83,462,1.0,0.07497557094297327,0.00016263681332532163,130.59139045012705,0.2832785042302105,10.41644717155031,1.8121658363460733,0.003930945415067404
demo_84,224,1.0,0.008352533199601176,3.745530582780796e-05,67.97705013856829,0.3048298212491852,3.669590832821305,1.0540161496699205,0.004726529819147626
demo_85,262,1.0,0.11847472881317897,0.0004539261640351685,94.86472327912341,0.3634663727169479,4.740077299386535,1.1511507010185804,0.004410539084362377
demo_86,300,1.0,0.17373187714110755,0.0005810430673615638,110.70457444857641,0.370249412871493,5.149420793907787,1.0662315319201974,0.0035659917455524996
demo_87,293,1.0,0.11941616967385625,0.0004089594851844392,111.34198691380325,0.38130817436233994,5.2194061132329725,1.1191219228098972,0.003832609324691429
demo_88,315,1.0,0.11766337260899667,0.0003747241165891614,110.75970976450648,0.35273792918632635,5.752757728107092,1.2951885934755043,0.004124804437820077
demo_89,526,1.0,0.17185707494399605,0.0003273468094171353,201.09047344198467,0.38302947322282793,4.7358141233818944,1.6056098052150038,0.0030583043908857218
demo_9,167,1.0,0.14340743982019358,0.0008639002398806842,57.70663680034844,0.34763034217077377,10.339291734587228,0.9609493354045177,0.005788851418099504
demo_90,458,1.0,0.08155670721254693,0.000178461066110606,150.07698332717115,0.3283960247859325,6.032858489598744,1.8197919383284689,0.003982039252359888
demo_91,414,1.0,0.04850892237058905,0.00011745501784646258,96.16301377978255,0.2328402270696914,4.555178635151613,1.002900070499121,0.0024283294685208743
demo_92,306,1.0,0.0750474256297679,0.0002460571332123538,79.49829135191382,0.2606501355800453,5.46588047661291,1.2037903765907443,0.003946853693740145
demo_93,396,1.0,0.11174742417911006,0.00028290487133951915,131.38781657799234,0.33262738374175277,5.8851498917908955,1.248330728600595,0.003160330958482519
demo_94,316,1.0,0.173342303970939,0.0005502930284791715,94.48205957749771,0.2999430462777705,4.773625164075696,1.179974732461074,0.0037459515316224574
demo_95,335,1.0,0.09894926690969456,0.0002962552901487861,85.2985021242225,0.25538473689886976,6.357555456096489,1.2101722173816136,0.003623270111920999
demo_96,418,1.0,0.190503324273174,0.0004568425042522159,132.0702315462601,0.3167151835641729,4.538928675042285,1.4130812680255453,0.0033886840959845214
demo_97,375,1.0,0.023235453825684493,6.212688188685694e-05,131.20482439766323,0.35081503849642576,4.282076347414161,1.241314108224795,0.003319021679745441
demo_98,374,1.0,0.09555820005134218,0.0002561882038909978,113.07559272678888,0.30315172312812033,4.460039830970657,1.0772160796057553,0.002887978765699076
demo_99,359,1.0,0.2375198368718743,0.0006634632314856824,119.49317043130355,0.33377980567403226,4.477780663965786,1.1325175320065086,0.00316345679331427
